Recovery_Debt_Score,Days_Until_Due,Task_Priority_Weight,Is_Fixed_Time,Is_Recovery_Activity,Duration_Minutes,Label,_Category_ID_debug
51,9,1,0,1,155,1,3
92,1,2,0,0,227,0,2
14,10,2,0,1,152,1,3
71,8,3,0,0,197,1,4
60,9,1,1,0,23,1,1
20,4,3,0,0,93,1,0
82,13,1,0,1,66,1,3
86,6,1,0,1,144,1,3
74,10,3,1,0,167,1,2
74,10,1,0,0,27,0,4
87,1,2,0,0,240,0,2
99,8,1,0,0,65,0,2
23,12,2,0,0,200,1,4
2,8,3,0,0,48,1,0
21,3,1,0,0,49,1,2
52,3,2,0,0,145,1,2
1,5,1,0,1,134,1,3
87,9,2,0,0,201,0,4
29,9,2,1,0,84,1,1
37,9,2,0,0,190,1,0
1,5,2,0,0,206,1,0
63,11,1,0,0,161,0,4
59,0,3,0,1,81,1,3
20,13,1,0,1,224,1,3
32,13,1,0,0,117,1,4
75,8,1,0,1,87,0,3
57,1,2,0,0,130,1,0
21,4,3,0,0,218,1,0
88,8,3,1,0,147,1,1
48,3,2,0,0,81,1,4
90,10,2,0,0,153,0,2
58,2,1,0,0,135,1,2
41,14,2,1,0,108,1,1
91,6,3,0,0,210,0,1
59,5,1,0,1,211,1,3
79,7,3,1,0,143,1,1
14,2,3,1,0,105,1,1
61,4,1,0,0,106,1,2
61,9,3,0,1,77,1,3
46,3,3,1,0,43,1,1
61,14,2,1,0,224,1,1
50,12,2,0,1,26,1,3
54,3,2,0,0,91,1,4
63,3,3,0,1,55,1,3
2,9,2,0,0,144,1,2
100,7,1,0,0,51,0,4
50,5,2,0,0,187,1,0
6,2,2,0,1,222,1,3
20,9,1,0,0,190,1,2
72,4,1,0,0,38,1,4
38,5,1,0,1,113,1,3
17,4,2,1,0,164,1,1
3,5,1,0,1,114,1,3
88,7,2,0,0,153,0,0
59,6,1,0,1,72,1,3
13,4,2,1,0,188,1,4
8,9,2,0,0,43,1,4
89,5,1,0,1,177,1,3
52,13,2,0,0,157,1,4
1,3,2,1,0,74,1,1
83,11,1,0,1,109,1,3
91,8,1,1,0,56,1,1
59,12,1,1,0,57,1,1
70,3,2,0,0,222,1,2
43,0,2,0,1,88,1,3
7,6,2,0,0,191,1,4
46,6,3,1,0,206,1,1
34,3,2,0,0,174,1,2
77,12,1,0,1,78,0,3
80,13,2,0,1,16,1,3
35,2,1,0,0,166,1,0
49,7,3,1,0,229,1,0
3,4,3,1,0,80,1,1
1,9,3,0,0,180,1,0
5,6,2,1,0,45,1,1
53,3,1,0,0,129,1,4
3,3,3,1,0,40,1,1
53,7,3,1,0,43,1,0
92,13,3,0,0,209,0,4
62,7,2,1,0,92,1,0
17,1,3,0,0,39,1,1
89,13,1,0,0,62,0,2
43,1,2,0,1,79,1,3
33,2,3,1,0,195,1,0
73,14,2,1,0,81,1,1
61,11,2,0,0,104,1,4
99,11,3,0,0,160,0,0
13,2,3,0,0,151,1,0
94,0,1,0,1,52,1,3
47,14,1,1,0,101,1,1
14,13,3,0,0,163,1,2
71,2,2,0,0,79,1,4
77,5,3,1,0,163,1,1
86,7,2,0,0,41,0,4
61,12,1,0,0,120,0,0
39,11,2,0,1,137,1,3
84,13,2,0,1,212,1,3
79,9,1,1,0,58,1,2
81,5,1,0,1,114,1,3
52,4,3,1,0,42,1,0
23,14,1,0,0,187,1,2
25,3,3,1,0,31,1,1
88,2,1,0,1,141,1,3
59,12,1,0,0,137,1,2
40,3,3,0,0,182,1,0
28,13,2,0,0,145,1,4
14,6,2,0,0,90,1,4
44,0,3,0,0,218,1,0
64,6,2,0,0,208,0,0
88,0,1,0,0,60,1,4
70,1,3,0,0,228,1,2
8,14,2,0,0,229,1,4
87,3,3,1,0,172,1,0
0,0,1,0,1,83,1,3
7,10,1,1,0,151,1,1
87,11,1,0,1,99,1,3
62,10,1,0,1,25,0,3
10,14,3,0,0,83,1,0
80,10,2,0,0,113,1,4
7,8,2,0,0,105,1,2
34,11,1,0,1,208,1,3
34,5,2,0,0,230,1,4
32,12,1,0,0,173,1,2
4,0,1,0,1,175,1,3
40,0,1,0,0,181,1,2
27,5,3,1,0,108,1,4
6,3,2,1,0,188,1,1
72,3,3,0,0,179,1,4
71,14,3,1,0,129,1,0
11,10,3,0,0,234,1,2
33,14,2,1,0,202,1,1
32,5,3,0,0,45,1,2
47,14,1,0,0,25,1,2
22,13,2,0,1,101,1,3
61,11,3,0,0,135,1,0
87,10,1,0,0,144,0,2
36,6,1,0,0,119,1,4
98,8,2,0,0,41,0,4
43,9,3,0,1,16,1,3
85,4,3,0,0,117,0,0
90,8,3,0,0,115,0,0
34,3,1,0,0,35,1,4
64,12,1,1,0,72,1,1
98,9,2,0,1,147,1,3
100,1,1,0,1,194,1,3
46,2,2,0,0,187,1,4
77,12,3,0,0,99,1,4
2,10,2,1,0,107,1,1
0,0,3,1,0,34,1,1
4,13,1,1,0,75,1,0
89,13,2,0,1,52,1,3
13,5,1,0,1,162,1,3
26,12,2,0,0,39,1,4
8,5,2,0,0,144,1,0
78,0,1,0,1,135,1,3
14,10,3,0,0,174,1,0
89,12,2,0,0,40,0,0
41,2,2,0,0,212,1,4
76,4,2,0,0,183,0,0
50,2,3,1,0,81,1,1
62,9,2,1,0,239,1,1
95,2,2,0,0,15,1,2
51,13,1,0,0,65,1,4
95,9,1,0,0,19,0,2
3,2,2,1,0,27,1,1
93,4,2,0,0,161,0,2
100,12,1,0,0,154,0,4
22,4,3,0,0,62,1,4
14,3,3,0,0,167,1,0
42,0,1,0,1,71,1,3
28,4,3,1,0,129,1,0
35,9,1,0,0,49,1,4
12,4,2,1,0,90,1,1
31,3,3,1,0,108,1,1
70,5,3,0,0,19,1,0
58,9,2,0,0,240,1,4
85,3,2,1,0,36,1,1
27,13,2,0,0,117,1,4
65,6,1,1,0,219,1,1
41,6,2,0,0,199,1,4
44,1,1,0,0,189,1,2
61,2,2,0,0,196,1,4
56,0,1,0,0,145,1,4
5,7,2,1,0,138,1,0
27,8,1,0,0,67,1,2
27,3,1,1,1,226,1,3
43,5,2,0,0,173,1,0
83,8,2,0,1,83,1,3
29,5,3,1,0,230,1,1
61,13,1,0,1,118,0,3
74,11,2,0,0,175,1,4
91,11,1,0,1,214,1,3
88,11,3,0,0,230,0,0
61,8,1,0,0,192,0,0
96,14,3,0,1,226,1,3
0,3,3,1,0,30,1,0
26,7,2,1,0,130,1,0
61,8,3,1,1,90,1,3
76,3,1,0,0,219,1,2
2,4,1,0,0,123,1,2
69,13,2,1,0,53,1,1
71,7,2,0,0,103,1,0
26,11,1,0,1,188,1,3
8,9,3,1,0,238,1,0
61,13,2,0,0,230,0,4
36,5,1,0,0,126,1,0
96,11,3,0,0,61,0,0
50,6,1,0,0,186,1,2
43,2,1,0,1,151,1,3
23,6,2,1,0,229,1,0
78,11,1,0,0,142,0,2
58,13,1,1,0,192,1,1
31,7,3,1,0,91,1,2
95,9,1,0,0,202,0,2
87,5,1,0,0,238,0,2
51,14,2,1,0,29,1,0
61,9,3,1,0,50,1,0
57,8,3,1,0,77,1,1
51,12,1,0,0,83,1,4
11,5,1,0,0,228,1,4
38,11,1,0,0,222,1,4
1,8,1,1,0,183,1,1
2,12,1,0,0,88,1,4
100,3,2,0,0,38,0,4
55,7,1,0,0,224,1,2
80,10,3,0,0,63,1,0
58,3,2,0,0,160,1,0
1,1,3,0,0,21,1,2
1,9,3,0,0,18,1,2
91,10,1,0,0,104,0,2
53,8,2,0,0,211,1,0
86,4,2,1,0,74,1,4
100,3,1,0,0,69,0,2
95,1,3,1,0,30,1,1
96,0,1,0,0,232,0,2
0,10,2,0,1,224,1,3
18,6,3,1,0,43,1,2
1,5,2,0,0,165,1,0
52,14,1,0,0,28,1,2
43,14,1,0,1,93,1,3
89,1,2,1,0,191,1,1
31,7,2,0,0,47,1,4
69,10,1,0,0,167,0,2
31,3,2,0,1,35,1,3
67,7,1,0,1,159,0,3
54,14,2,0,0,37,1,1
74,6,3,0,0,71,1,0
55,4,2,0,0,223,1,2
16,9,1,0,1,200,1,3
37,9,3,1,0,156,1,1
23,11,2,0,0,107,1,4
68,7,1,0,1,34,0,3
97,13,1,1,0,172,1,1
69,8,3,1,0,33,1,0
85,4,3,1,0,195,1,0
10,9,2,0,1,117,1,3
15,4,2,0,1,198,1,3
96,1,1,0,0,91,1,2
72,4,1,0,0,224,0,1
58,2,1,1,1,165,1,3
69,6,1,0,0,204,0,2
79,9,2,0,0,47,1,2
92,4,2,0,1,32,1,3
2,7,2,0,0,87,1,0
19,0,2,1,0,175,1,1
58,2,2,1,0,174,1,1
35,2,3,0,0,203,1,0
18,8,1,0,1,196,1,3
89,4,1,1,0,31,1,1
66,11,1,0,1,33,0,3
18,8,1,0,1,233,1,3
19,12,1,0,0,84,1,2
95,8,1,1,0,134,1,0
70,0,2,0,1,115,1,3
51,1,2,1,0,48,1,4
32,4,3,0,0,98,1,0
39,3,2,1,0,167,1,1
38,14,1,0,0,210,1,2
81,9,2,1,0,88,1,1
0,8,1,1,0,216,1,1
10,6,3,1,0,102,1,0
91,5,1,1,0,99,1,1
56,6,3,0,1,25,1,3
88,0,3,1,0,105,1,1
49,0,1,0,0,158,1,2
22,7,1,0,0,232,1,2
30,12,2,0,0,203,1,4
93,12,1,0,0,236,0,2
41,1,3,1,0,141,1,1
98,11,1,0,0,127,0,2
6,9,1,0,0,94,1,0
15,10,1,1,0,21,1,2
89,8,1,0,1,30,1,3
59,6,3,0,0,30,1,0
1,5,1,0,0,182,1,4
0,0,2,0,1,26,1,3
47,0,2,1,0,49,1,1
11,1,2,1,0,35,1,1
68,5,2,1,0,192,1,1
36,13,1,1,1,185,1,3
31,5,1,0,1,31,1,3
8,1,1,1,1,46,1,3
98,0,3,0,0,55,1,0
18,9,3,0,0,148,1,0
47,4,2,1,0,230,1,1
79,4,2,0,0,41,1,2
2,1,3,1,0,162,1,1
19,5,2,0,0,167,1,4
23,8,2,1,0,80,1,0
53,1,2,0,1,151,1,3
32,9,3,0,0,106,1,0
23,1,1,0,1,195,1,3
74,2,1,0,0,75,1,4
71,12,3,0,0,180,1,4
35,6,1,0,0,17,1,0
37,5,3,0,1,226,1,3
83,11,1,0,0,212,0,4
98,7,3,1,0,117,1,1
88,14,2,1,0,239,1,1
98,7,1,0,1,69,1,3
24,5,3,1,0,15,1,0
92,11,2,0,0,115,0,4
17,10,3,1,0,212,1,0
81,9,1,1,0,59,1,1
65,2,1,0,0,240,1,4
53,2,2,1,0,189,1,0
34,14,2,0,0,221,1,2
79,0,1,0,1,40,1,3
60,6,1,0,1,135,1,3
40,4,1,0,0,156,1,2
99,3,3,1,0,196,1,1
32,9,2,0,0,213,1,4
67,14,1,0,1,60,0,3
32,3,1,1,0,136,1,2
13,13,3,0,0,45,1,2
20,3,2,1,0,230,1,1
47,5,3,1,0,73,1,1
19,14,3,0,0,237,1,0
7,7,2,0,1,43,1,3
6,7,2,0,0,120,1,0
66,4,2,0,0,238,0,2
16,14,2,0,0,31,1,4
32,5,2,0,0,156,1,4
47,3,2,1,0,178,1,1
75,11,1,0,0,200,0,4
58,13,1,0,0,38,1,4
85,10,2,0,0,123,0,4
21,12,1,0,0,205,1,2
29,8,2,1,0,105,1,4
37,7,2,1,0,39,1,4
50,9,2,0,0,201,1,4
53,11,3,0,0,46,1,0
7,9,3,0,0,130,1,2
26,0,2,1,0,96,1,1
26,14,2,0,0,124,1,0
97,1,1,0,1,160,1,3
20,8,2,1,0,51,1,2
29,7,2,0,0,40,1,2
96,13,3,0,1,151,1,3
27,2,1,0,1,78,1,3
63,7,3,0,1,86,1,3
96,11,1,1,0,162,1,1
68,0,2,0,0,196,1,4
60,9,1,1,0,120,1,2
47,3,3,0,0,100,1,4
18,2,2,0,0,225,1,4
3,5,2,0,1,172,1,3
34,6,3,1,0,67,1,1
63,3,2,0,0,106,1,0
48,6,1,1,0,113,1,1
16,8,3,0,0,205,1,4
43,10,2,1,0,25,1,1
91,1,1,0,1,45,1,3
29,10,3,0,0,191,1,0
92,2,1,0,1,114,1,3
45,4,1,1,0,236,1,0
5,2,1,0,0,101,1,4
98,10,1,0,0,161,0,0
36,7,3,0,0,154,1,0
23,11,3,1,0,29,1,0
92,9,3,1,0,173,1,1
45,7,3,0,0,185,1,1
52,7,1,0,0,115,1,4
94,11,3,0,0,179,0,0
98,11,1,0,0,221,0,2
59,8,1,0,0,43,1,4
96,3,3,0,0,128,0,0
62,4,3,0,0,121,1,0
84,4,3,1,0,168,1,1
31,7,2,0,0,122,1,4
86,6,2,0,0,144,0,0
32,8,2,0,0,98,1,0
66,14,2,0,0,29,1,4
17,14,1,0,0,146,1,2
24,13,2,0,0,228,1,4
94,7,2,0,0,64,0,4
53,1,2,1,0,180,1,2
57,9,2,1,0,37,1,4
66,11,3,0,0,73,1,0
45,3,3,0,0,104,1,4
23,5,2,0,0,129,1,2
31,11,1,0,1,89,1,3
46,1,1,0,0,170,1,4
85,6,2,1,0,208,1,1
22,2,2,0,0,137,1,0
65,12,2,0,0,150,1,0
26,2,2,0,0,171,1,1
1,10,2,1,0,153,1,1
89,1,3,0,0,32,1,4
16,10,1,1,0,197,1,1
32,7,2,0,1,64,1,3
8,5,2,0,0,156,1,2
42,0,1,1,0,132,1,1
47,11,3,1,0,216,1,1
38,0,1,1,1,151,1,3
92,6,2,0,0,153,0,0
41,7,3,0,0,205,1,0
25,4,1,0,0,122,1,4
98,11,2,0,1,218,1,3
49,10,1,0,0,81,1,2
24,4,2,0,0,195,1,2
23,3,1,0,1,181,1,3
12,13,2,0,0,92,1,2
59,5,2,1,0,198,1,0
6,13,2,0,0,170,1,2
56,5,2,0,0,89,1,2
35,2,1,0,1,53,1,3
44,8,2,0,1,39,1,3
19,11,1,0,0,35,1,2
64,10,3,0,0,152,1,1
7,13,1,0,1,185,1,3
15,6,3,1,0,29,1,4
13,0,3,0,0,225,1,4
75,14,3,0,0,62,1,0
86,12,1,0,0,100,0,2
14,6,2,1,0,163,1,1
91,4,3,1,0,202,1,0
97,4,1,0,0,130,0,2
65,13,1,0,1,238,0,3
31,12,3,1,0,64,1,4
86,1,2,1,0,165,1,1
62,3,2,1,0,155,1,4
85,11,1,0,1,83,1,3
50,5,1,0,0,18,1,2
24,9,2,0,1,234,1,3
57,14,1,0,1,92,1,3
62,10,1,0,0,214,0,4
61,6,3,1,0,23,1,1
21,10,1,0,1,135,1,3
57,4,3,0,0,129,1,4
57,8,3,1,0,177,1,1
85,2,1,0,0,115,1,2
48,0,1,0,0,163,1,2
51,3,3,0,0,200,1,0
41,8,2,0,0,160,1,4
69,3,1,1,0,111,1,1
14,1,2,1,1,214,1,3
53,9,1,0,0,95,1,2
59,13,3,1,0,57,1,1
100,13,1,0,0,109,0,4
96,4,2,1,0,240,1,0
7,2,1,0,0,20,1,2
52,12,3,1,0,228,1,1
59,11,3,1,0,220,1,1
4,12,3,0,0,81,1,1
67,8,2,0,0,154,1,4
5,3,2,0,0,114,1,4
95,5,1,0,0,26,0,4
93,1,1,0,1,80,1,3
46,5,2,1,0,16,1,1
98,2,2,0,0,157,0,2
54,11,1,1,0,165,1,4
39,11,3,0,0,171,1,4
51,8,2,1,0,95,1,1
15,10,3,1,0,238,1,4
12,1,1,1,1,149,1,3
29,14,1,1,1,236,1,3
18,11,2,0,0,170,1,4
16,11,2,1,0,156,1,1
62,8,2,1,0,186,1,1
18,4,2,1,0,172,1,1
91,7,3,0,0,223,0,0
57,1,2,0,0,174,1,4
54,5,3,1,0,84,1,1
89,2,2,0,1,129,1,3
100,11,1,0,0,102,0,2
89,11,2,0,0,20,0,2
61,13,2,1,0,41,1,1
22,9,1,0,0,96,1,2
8,4,1,0,0,102,1,2
11,11,2,0,0,134,1,0
0,7,1,0,1,38,1,3
57,9,1,0,1,116,1,3
0,13,2,0,0,48,1,0
33,0,3,0,0,182,1,0
95,4,2,0,0,61,0,2
47,2,3,0,0,221,1,4
88,3,2,0,0,217,0,2
0,1,1,0,0,228,1,0
15,8,2,0,1,38,1,3
60,2,2,0,0,79,1,2
63,14,2,0,0,32,1,4
62,1,1,1,0,58,1,2
68,9,3,1,0,90,1,1
21,10,1,0,0,71,1,2
92,8,3,0,0,121,0,0
66,6,1,0,1,170,0,3
75,5,1,0,1,138,1,3
25,0,3,0,0,213,1,0
15,4,2,0,0,165,1,1
50,11,3,1,0,227,1,0
100,10,3,0,0,176,0,2
85,13,2,0,0,153,0,0
56,14,1,0,0,228,1,0
28,10,3,1,0,177,1,1
77,2,2,0,0,130,1,2
91,0,1,0,0,107,1,4
68,3,2,0,0,56,1,4
46,12,2,0,1,42,1,3
93,1,3,0,0,137,1,0
61,1,1,0,1,224,1,3
68,2,2,1,0,220,1,1
75,7,3,1,0,224,1,4
15,7,3,0,0,234,1,0
89,11,2,1,0,38,1,1
89,14,2,1,0,150,1,1
47,6,3,0,0,120,1,0
84,5,2,1,0,132,1,1
38,8,2,0,0,67,1,0
99,3,3,0,0,214,0,0
32,11,1,0,0,146,1,2
93,0,2,0,1,233,1,3
100,7,1,1,0,114,1,1
22,6,3,1,0,19,1,1
9,6,1,1,0,239,1,2
68,14,1,0,0,63,0,2
99,2,1,0,0,112,1,2
33,3,3,0,0,44,1,4
51,9,3,0,0,86,1,4
94,8,1,0,0,117,0,4
9,14,3,0,0,77,1,0
18,5,3,1,0,189,1,1
57,14,3,0,1,40,1,3
95,14,2,0,0,199,0,0
0,4,3,1,0,51,1,1
68,2,1,1,0,240,1,1
3,8,1,0,0,21,1,2
15,4,3,0,0,141,1,2
23,4,3,0,0,182,1,0
79,13,1,0,0,106,0,2
1,3,1,1,0,181,1,1
91,13,2,0,0,204,0,2
31,3,2,0,0,117,1,4
90,11,1,0,0,234,0,2
83,0,3,1,0,220,1,1
23,6,1,0,0,67,1,0
11,8,1,0,1,146,1,3
49,2,3,0,0,224,1,2
34,11,2,1,0,122,1,1
32,12,1,0,1,126,1,3
32,14,1,1,1,167,1,3
60,1,3,0,0,21,1,4
50,2,1,0,1,170,1,3
42,0,3,1,0,211,1,1
100,5,3,1,0,81,1,1
11,10,1,0,0,122,1,2
66,10,2,0,0,237,0,2
64,6,1,0,0,125,0,2
32,10,1,0,1,162,1,3
39,10,2,0,1,97,1,3
73,1,3,0,0,138,1,4
42,7,1,0,0,153,1,2
43,13,3,0,0,118,1,0
28,5,2,0,0,81,1,4
12,13,2,0,0,229,1,0
11,3,1,0,1,21,1,3
94,4,1,1,0,165,1,4
45,7,2,0,0,203,1,4
1,13,2,1,0,213,1,1
34,2,1,1,1,124,1,3
86,2,2,0,1,48,1,3
80,13,3,0,0,120,1,4
89,14,1,0,1,161,1,3
7,13,1,0,0,72,1,4
92,10,3,0,0,23,0,1
25,3,1,0,0,62,1,4
73,0,1,0,1,129,1,3
89,8,2,0,1,224,1,3
33,7,1,0,0,55,1,4
6,7,1,1,0,62,1,4
67,13,1,0,0,187,0,4
57,9,1,0,0,39,1,2
74,5,1,0,1,130,1,3
28,6,3,0,1,92,1,3
35,5,1,0,0,122,1,2
88,8,1,0,0,39,0,4
20,2,2,1,0,161,1,1
35,13,3,0,0,53,1,4
9,2,2,0,0,133,1,4
100,2,1,0,0,93,1,2
72,9,2,0,1,94,1,3
23,2,2,0,0,41,1,4
63,8,1,0,1,118,0,3
98,11,2,0,0,88,0,0
48,3,1,0,1,205,1,3
98,12,2,1,0,82,1,1
35,6,3,1,0,161,1,1
81,13,1,0,0,42,0,4
95,14,1,0,1,227,1,3
23,8,1,0,0,137,1,4
22,10,1,0,0,220,1,2
61,11,2,1,0,175,1,1
95,6,3,0,0,152,0,4
36,8,1,0,0,97,1,2
11,11,2,0,0,44,1,4
54,2,1,0,1,36,1,3
12,14,1,0,1,17,1,3
22,3,1,0,1,115,1,3
88,13,1,1,1,119,1,3
98,7,2,0,0,224,0,0
29,5,1,0,0,217,1,2
16,4,2,0,0,190,1,2
61,12,1,0,1,16,0,3
83,3,3,1,0,218,1,0
88,7,1,0,1,68,1,3
85,0,3,1,0,20,1,0
12,13,1,0,1,121,1,3
58,8,2,1,0,182,1,1
18,0,2,1,0,235,1,1
48,7,2,0,0,137,1,4
99,3,2,1,1,236,1,3
11,8,1,0,0,16,1,2
60,13,1,0,0,215,1,4
18,10,3,0,0,125,1,1
75,4,1,0,1,16,1,3
8,2,2,0,0,107,1,4
70,8,1,0,1,239,0,3
27,10,1,0,0,216,1,1
77,13,2,0,0,240,0,4
94,13,2,1,0,197,1,1
51,8,2,0,0,214,1,0
82,3,2,1,0,115,1,1
15,10,2,0,1,202,1,3
68,3,1,0,0,111,1,2
98,11,1,1,0,125,1,1
11,7,1,0,0,20,1,2
24,1,3,0,0,141,1,0
51,8,2,0,0,118,1,4
84,12,2,0,0,161,0,4
99,13,1,0,0,238,0,2
52,5,2,0,0,169,1,4
22,8,3,1,0,15,1,1
15,7,1,0,0,47,1,2
56,14,1,0,1,54,1,3
38,14,2,1,0,46,1,1
52,6,3,1,0,211,1,1
41,12,2,1,0,31,1,1
57,13,1,0,1,140,1,3
38,0,3,0,0,22,1,0
13,13,2,0,0,71,1,4
94,11,3,0,0,56,0,2
4,2,3,0,0,112,1,0
34,10,1,0,0,151,1,2
86,13,2,0,0,134,0,4
92,1,1,0,1,101,1,3
74,4,3,0,0,177,1,1
17,14,2,1,0,213,1,1
75,4,3,0,1,221,1,3
8,4,3,0,0,195,1,0
73,3,3,1,0,68,1,0
57,4,1,0,0,98,1,2
16,2,1,0,1,39,1,3
6,11,3,0,0,81,1,0
45,0,1,0,1,204,1,3
12,4,3,0,0,197,1,4
39,12,1,1,0,188,1,1
41,8,3,1,0,166,1,1
8,12,2,1,0,240,1,1
49,8,2,0,1,60,1,3
26,3,2,0,1,36,1,3
65,2,1,0,0,153,1,2
4,0,1,1,0,190,1,1
28,1,1,0,0,22,1,2
36,7,2,1,0,53,1,1
37,0,1,0,0,177,1,2
82,7,2,0,0,63,0,2
7,12,2,0,0,60,1,4
64,6,1,0,0,52,0,2
85,14,1,0,1,150,1,3
16,7,1,0,0,68,1,2
70,11,2,1,0,179,1,1
88,5,3,0,0,233,0,2
44,11,3,0,0,106,1,0
3,13,2,1,0,54,1,1
35,14,3,0,0,48,1,0
69,14,3,1,0,110,1,1
30,8,1,0,1,93,1,3
18,2,1,0,1,141,1,3
60,9,1,0,1,31,1,3
53,3,3,0,0,175,1,0
38,12,3,0,0,189,1,4
90,5,3,1,0,124,1,1
73,7,1,0,1,66,0,3
89,4,2,1,0,132,1,1
18,2,3,1,0,222,1,0
38,5,3,1,0,235,1,4
66,3,3,0,0,23,1,0
44,8,3,1,0,47,1,1
12,12,1,0,0,202,1,4
91,2,3,0,0,127,1,4
57,3,3,0,0,235,1,0
19,6,1,0,1,219,1,3
91,6,3,1,0,163,1,1
71,11,1,0,0,200,0,2
60,11,1,1,0,99,1,2
38,3,2,1,0,211,1,0
0,5,2,0,0,24,1,1
2,11,2,1,0,20,1,1
76,12,3,0,0,129,1,0
91,2,2,1,0,135,1,1
61,5,1,0,1,155,1,3
62,11,2,0,0,79,1,0
24,1,1,0,1,34,1,3
55,7,3,0,0,71,1,1
32,1,2,0,0,60,1,0
37,10,2,1,0,150,1,1
5,6,3,0,0,24,1,0
57,8,3,1,0,215,1,1
43,0,2,0,1,127,1,3
44,7,1,0,1,209,1,3
31,6,1,1,0,153,1,1
44,5,3,0,0,26,1,0
60,5,1,0,0,152,1,2
46,5,1,1,1,167,1,3
20,8,1,0,1,191,1,3
79,1,2,0,0,191,1,2
84,0,1,1,0,231,1,1
74,12,3,1,0,25,1,0
100,11,3,1,0,204,1,1
35,5,2,1,0,132,1,4
98,9,2,0,1,178,1,3
18,10,2,0,0,53,1,4
19,7,2,0,1,67,1,3
56,2,1,0,1,232,1,3
17,11,2,0,0,220,1,4
46,9,2,0,0,70,1,4
48,0,3,1,0,118,1,1
13,8,2,0,0,143,1,4
14,12,2,1,0,70,1,1
30,12,3,1,0,132,1,1
0,0,3,1,0,146,1,1
53,2,1,0,1,44,1,3
2,7,1,0,1,26,1,3
15,13,2,0,0,49,1,4
86,2,3,0,1,91,1,3
56,12,2,0,0,194,1,4
74,3,2,0,1,173,1,3
11,7,1,1,0,116,1,0
73,0,3,1,0,101,1,0
95,12,2,0,0,210,0,4
15,12,2,0,1,66,1,3
71,5,1,1,1,94,1,3
75,0,3,1,0,149,1,1
23,13,1,0,0,36,1,2
27,0,1,0,0,235,1,4
7,13,1,0,0,89,1,2
91,7,1,0,0,198,0,2
35,10,2,0,0,239,1,4
89,3,1,0,1,72,1,3
7,11,1,0,0,107,1,4
57,0,2,0,0,206,1,2
59,9,1,0,1,117,1,3
49,6,2,0,0,154,1,0
27,4,2,0,0,21,1,4
91,4,2,0,0,142,0,4
100,0,2,0,1,69,1,3
40,13,3,0,0,120,1,0
99,9,3,0,0,76,0,0
63,10,2,0,1,104,1,3
26,5,1,0,0,215,1,1
62,13,1,0,0,112,0,4
16,8,2,0,0,91,1,4
72,8,1,0,0,197,0,2
32,7,2,0,1,133,1,3
83,4,1,0,0,50,0,2
76,0,1,0,0,103,1,2
91,8,2,0,0,166,0,0
28,0,1,0,0,186,1,4
12,7,1,0,0,159,1,2
45,4,3,1,0,144,1,0
34,2,1,0,1,155,1,3
5,10,1,0,0,173,1,2
81,6,2,0,0,107,0,4
68,6,2,0,0,128,1,2
46,8,1,0,1,42,1,3
24,6,1,0,0,202,1,2
65,12,3,1,0,169,1,4
9,10,2,0,0,157,1,0
55,13,2,0,0,237,1,4
29,2,1,0,0,221,1,0
4,10,3,1,0,47,1,1
32,12,1,0,0,34,1,4
64,14,3,0,0,184,1,4
17,13,2,0,1,154,1,3
95,12,2,0,0,115,0,2
48,0,3,1,0,215,1,0
10,7,3,0,0,37,1,0
84,11,1,0,1,214,1,3
25,2,2,0,1,238,1,3
62,11,3,0,0,126,1,2
88,7,1,0,0,28,0,2
85,7,3,0,0,105,0,4
58,12,2,1,0,167,1,1
26,4,1,0,0,91,1,2
48,12,1,0,1,99,1,3
76,11,1,0,0,123,0,2
32,12,1,1,0,45,1,0
97,0,2,1,0,136,1,1
98,12,2,0,0,121,0,4
0,9,2,0,0,68,1,0
20,6,3,1,0,147,1,0
54,11,3,1,0,155,1,1
5,9,2,1,0,170,1,4
91,4,1,1,1,57,1,3
80,7,1,0,0,103,0,4
68,8,1,0,0,129,0,2
94,10,3,0,0,113,0,0
4,13,1,0,0,61,1,2
2,6,2,0,1,85,1,3
52,13,1,0,0,180,1,2
22,12,2,0,0,238,1,4
100,14,1,0,0,81,0,2
52,6,1,0,1,76,1,3
36,0,1,0,1,123,1,3
73,14,1,0,1,181,0,3
73,3,2,0,0,51,1,4
82,1,1,0,1,133,1,3
16,1,3,0,0,100,1,0
84,1,1,1,1,140,1,3
77,3,1,0,0,150,1,2
72,13,1,0,0,223,0,2
0,0,1,0,0,66,1,2
50,14,1,0,0,105,1,4
44,3,2,0,0,47,1,2
76,1,3,0,0,95,1,4
3,4,1,0,0,56,1,4
61,2,1,0,1,218,1,3
64,14,1,0,0,126,0,0
31,11,2,0,1,140,1,3
33,7,1,0,1,169,1,3
91,3,1,0,0,150,0,4
94,0,1,0,0,165,0,4
71,0,2,0,0,120,1,2
38,11,1,0,0,139,1,2
25,9,1,0,1,127,1,3
33,2,3,1,0,78,1,1
53,14,2,1,0,137,1,1
2,8,2,0,0,235,1,2
49,6,1,1,0,128,1,1
11,1,2,0,0,34,1,2
64,14,2,0,0,30,1,4
53,12,1,0,1,159,1,3
4,8,3,1,0,222,1,0
93,9,1,0,1,33,1,3
93,1,3,0,0,134,1,2
56,2,1,0,0,150,1,2
16,10,2,0,1,180,1,3
46,12,1,0,0,52,1,2
22,9,3,0,0,195,1,1
78,13,2,1,0,107,1,1
100,1,3,0,0,119,1,2
84,2,3,1,0,114,1,2
13,5,2,1,0,104,1,1
65,8,2,0,0,173,1,2
74,8,3,0,0,58,1,2
50,6,1,1,1,202,1,3
37,11,3,1,0,90,1,0
63,2,2,1,0,159,1,1
97,3,1,0,1,93,1,3
37,5,1,0,0,87,1,0
49,10,1,1,0,181,1,2
97,4,1,0,0,184,0,2
81,1,1,0,1,190,1,3
29,12,1,0,0,154,1,2
78,5,3,0,0,110,1,4
90,2,2,0,1,103,1,3
50,13,1,0,0,117,1,0
62,7,2,0,1,160,1,3
97,1,3,1,0,221,1,1
51,0,3,0,1,238,1,3
37,8,1,0,0,20,1,2
96,13,1,0,0,136,0,2
87,11,3,0,0,185,0,4
78,2,3,0,0,130,1,4
29,10,2,0,0,177,1,4
50,0,3,0,0,240,1,0
80,6,1,0,0,196,0,4
4,12,3,0,0,76,1,0
28,14,1,0,0,211,1,4
3,9,2,0,0,224,1,0
9,4,2,0,1,158,1,3
55,4,1,0,1,150,1,3
16,13,1,0,0,103,1,2
73,0,3,0,0,110,1,0
16,14,2,1,0,140,1,1
83,14,3,0,0,104,0,2
87,8,3,1,1,100,1,3
68,6,3,0,0,173,1,0
33,7,1,0,0,152,1,4
5,8,2,0,0,198,1,1
52,5,1,0,1,135,1,3
65,11,1,0,0,90,0,2
76,4,2,0,0,106,1,0
42,5,3,1,0,84,1,1
74,10,2,0,0,162,1,0
22,1,2,0,0,147,1,4
54,3,1,0,0,37,1,2
79,2,3,1,0,151,1,0
94,12,3,0,1,72,1,3
74,6,1,0,0,201,0,2
15,8,1,1,1,235,1,3
7,4,3,0,0,222,1,0
3,5,2,0,0,196,1,2
3,9,2,0,1,60,1,3
55,13,2,0,0,36,1,4
24,11,1,0,0,206,1,4
66,11,3,0,0,22,1,0
95,1,3,0,0,137,1,2
66,2,2,1,0,34,1,1
26,2,2,0,0,193,1,2
92,11,2,0,0,92,0,4
31,11,1,1,1,53,1,3
49,14,2,1,0,51,1,1
60,8,3,1,0,192,1,0
50,14,2,1,0,176,1,1
18,6,1,0,0,89,1,0
20,7,2,1,0,132,1,1
4,10,3,0,0,118,1,0
81,9,3,0,0,175,0,0
91,10,3,1,0,45,1,1
41,8,3,0,0,137,1,1
60,5,1,1,0,68,1,0
21,3,2,0,0,186,1,4
20,11,3,1,0,48,1,1
69,0,1,0,0,213,1,2
0,7,1,0,1,136,1,3
4,6,2,0,0,127,1,0
11,1,3,0,0,76,1,0
89,7,1,0,1,37,1,3
45,11,3,0,0,60,1,4
33,4,1,0,1,70,1,3
48,6,3,1,0,149,1,1
77,3,2,0,1,132,1,3
89,4,3,0,0,231,0,0
44,7,1,0,1,203,1,3
26,0,1,0,0,145,1,2
72,0,3,1,0,180,1,1
25,14,1,0,1,226,1,3
46,3,2,0,0,176,1,0
85,2,1,0,0,127,0,1
55,12,3,1,0,58,1,0
93,9,1,0,0,142,0,4
62,11,2,0,0,122,1,2
47,1,2,0,0,172,1,4
60,11,1,0,0,31,1,2
80,2,2,0,1,73,1,3
25,10,1,1,0,152,1,1
35,14,1,0,1,113,1,3
0,14,2,0,0,98,1,2
7,10,2,0,0,160,1,2
98,13,1,0,0,59,0,2
51,10,3,1,0,122,1,0
78,0,3,1,0,233,1,1
46,0,2,0,1,201,1,3
55,5,1,0,1,76,1,3
85,4,2,0,0,73,0,4
13,7,3,1,0,191,1,2
89,1,2,0,0,205,0,2
27,3,1,0,0,229,1,2
86,7,1,0,1,174,1,3
77,11,2,0,0,152,1,4
87,5,2,0,0,25,0,0
1,0,2,1,0,116,1,1
25,14,2,1,0,84,1,0
13,3,2,0,1,137,1,3
58,0,1,0,0,204,1,2
55,12,3,1,0,189,1,1
6,1,1,0,1,48,1,3
2,4,1,0,1,115,1,3
22,13,1,0,1,159,1,3
17,7,2,1,0,118,1,1
37,7,3,1,0,196,1,1
98,10,3,0,0,218,0,4
14,2,1,0,0,227,1,4
63,10,3,0,0,54,1,0
88,12,2,1,0,33,1,1
100,3,3,1,0,81,1,1
27,9,3,1,0,96,1,1
73,10,2,0,0,195,0,4
38,13,2,0,1,78,1,3
56,5,2,0,0,97,1,2
16,10,1,0,0,61,1,4
85,10,2,1,0,20,1,1
89,9,3,0,0,30,0,4
43,2,3,0,0,214,1,0
24,1,2,1,0,160,1,1
16,5,3,0,0,194,1,0
12,10,2,1,0,190,1,1
83,12,2,0,0,185,0,4
24,14,2,0,1,53,1,3
67,4,1,0,0,191,0,2
9,13,3,0,0,127,1,0
66,9,3,0,0,154,1,4
17,4,1,0,1,152,1,3
99,9,2,0,0,85,0,4
85,12,3,0,0,124,0,0
33,4,2,0,0,69,1,2
7,9,1,0,0,143,1,4
39,11,3,1,0,63,1,1
82,4,2,0,1,178,1,3
41,2,2,0,0,35,1,4
40,6,3,0,1,51,1,3
100,5,3,1,0,130,1,1
5,3,1,0,0,38,1,2
51,1,1,1,0,69,1,2
25,11,3,1,0,39,1,1
63,8,3,0,1,149,1,3
97,0,1,1,0,141,1,4
58,12,1,0,0,223,1,1
55,12,2,1,0,107,1,0
58,10,3,0,1,108,1,3
69,14,1,0,0,85,0,2
100,13,2,1,0,239,1,1
32,3,2,1,0,213,1,2
52,0,1,0,1,136,1,3
21,12,2,1,0,38,1,2
20,5,2,1,0,25,1,1
69,3,2,0,1,87,1,3
69,4,2,0,0,26,1,0
3,4,3,1,0,49,1,1
93,8,2,0,0,205,0,4
74,0,2,0,0,210,1,1
61,12,1,0,1,234,0,3
61,1,2,1,0,199,1,1
93,12,2,0,0,155,0,0
94,5,3,0,0,37,0,0
23,4,3,0,0,97,1,4
54,10,1,0,0,181,1,2
8,6,2,0,1,102,1,3
2,2,2,0,1,94,1,3
30,2,2,0,0,111,1,2
39,9,3,0,0,154,1,0
100,1,2,0,0,48,1,0
35,12,2,1,0,213,1,1
23,2,2,0,0,89,1,4
94,9,2,0,0,173,0,4
5,0,2,0,0,235,1,4
65,4,1,1,0,142,1,1
83,13,2,1,0,204,1,4
91,14,1,0,0,155,0,2
74,11,2,1,0,45,1,1
3,4,1,0,0,144,1,2
78,11,2,1,0,117,1,1
5,10,2,0,0,29,1,4
93,6,1,0,0,71,0,2
50,3,1,0,0,89,1,2
61,2,1,0,0,48,1,2
56,0,2,0,0,117,1,1
65,11,1,0,1,210,0,3
78,14,3,0,0,89,1,4
74,7,1,0,0,43,0,2
7,12,1,0,1,208,1,3
25,2,1,0,0,30,1,4
50,12,2,0,0,181,1,4
44,14,1,0,0,91,1,2
43,1,1,0,0,51,1,2
4,10,3,1,0,95,1,1
69,3,1,0,1,163,1,3
25,2,1,0,1,186,1,3
67,12,2,1,0,138,1,2
18,0,3,0,0,33,1,4
83,2,1,0,0,213,0,2
96,11,2,0,0,116,0,4
19,1,1,0,0,150,1,4
11,7,1,1,0,91,1,2
46,5,2,1,0,208,1,0
0,8,1,0,1,55,1,3
89,7,2,0,0,217,0,4
13,9,2,0,0,230,1,4
63,2,2,1,0,212,1,0
37,4,1,1,0,75,1,1
36,6,3,1,0,40,1,0
10,4,2,0,0,85,1,0
99,7,2,0,0,117,0,4
76,11,1,0,1,225,0,3
2,4,3,0,0,84,1,0
32,0,2,1,0,121,1,1
5,4,1,0,0,171,1,2
49,3,2,0,0,121,1,0
9,5,2,0,0,117,1,0
4,2,2,1,0,208,1,1
22,14,2,0,1,33,1,3
9,10,2,0,0,82,1,0
43,4,1,0,0,200,1,0
1,1,1,0,1,84,1,3
12,10,3,1,0,127,1,1
39,5,3,0,0,71,1,0
1,12,1,0,1,179,1,3
83,14,3,0,0,75,0,0
64,11,1,1,0,106,1,2
62,5,3,0,0,44,1,4
100,4,2,0,0,213,0,2
72,5,2,1,0,215,1,0
16,10,2,1,0,167,1,1
8,6,1,0,0,239,1,4
74,11,1,0,0,141,0,2
14,4,2,0,1,207,1,3
23,0,2,0,0,129,1,1
37,7,1,0,0,20,1,2
34,3,2,0,1,32,1,3
93,8,3,0,0,24,0,0
94,13,1,0,1,106,1,3
48,9,2,0,0,153,1,2
68,11,1,0,0,239,0,2
61,5,3,1,0,207,1,0
59,0,2,0,1,91,1,3
49,2,1,1,1,115,1,3
77,2,3,0,0,98,1,0
74,9,2,0,1,207,0,3
8,11,3,0,0,66,1,0
33,11,2,1,0,209,1,1
75,3,2,0,0,224,1,2
98,5,2,1,0,220,1,1
34,14,2,0,0,45,1,4
0,6,3,0,0,233,1,4
39,9,2,0,0,159,1,4
63,3,3,1,0,197,1,0
21,5,1,0,1,124,1,3
59,10,2,1,0,107,1,1
63,0,2,1,0,178,1,1
92,13,2,1,0,168,1,1
71,7,3,1,0,67,1,1
10,6,1,0,0,159,1,4
100,14,2,1,0,100,1,1
13,10,1,0,1,167,1,3
59,10,3,0,0,16,1,4
29,8,2,1,0,100,1,1
34,2,1,0,0,147,1,0
84,1,1,0,0,18,1,2
36,0,1,0,0,178,1,2
4,2,1,0,0,20,1,2
82,4,2,0,0,163,0,4
77,13,2,1,0,219,1,1
25,10,1,0,0,132,1,4
61,1,1,0,1,103,1,3
3,11,3,1,0,168,1,0
88,2,2,1,0,197,1,0
41,14,1,1,0,181,1,2
88,14,1,0,0,226,0,2
17,14,1,0,0,175,1,2
39,3,3,1,0,28,1,1
71,6,1,0,1,70,0,3
38,12,1,0,1,95,1,3
13,2,1,0,1,163,1,3
31,14,3,0,1,60,1,3
50,8,2,0,0,158,1,2
37,7,2,0,0,30,1,0
96,3,1,0,0,134,0,2
22,12,1,0,1,98,1,3
62,0,1,0,0,171,1,2
14,0,1,0,1,234,1,3
96,0,2,0,0,22,1,4
24,0,3,0,0,102,1,0
16,7,3,0,0,145,1,4
96,2,2,1,0,231,1,1
65,14,2,0,0,33,1,2
77,5,3,1,0,111,1,1
52,2,1,1,0,80,1,2
50,10,2,1,0,93,1,4
38,4,1,1,1,100,1,3
50,12,1,1,1,138,1,3
69,14,1,0,0,216,0,2
5,13,1,0,1,224,1,3
66,12,2,0,0,164,1,4
6,14,3,0,1,60,1,3
50,6,1,0,0,127,1,4
71,1,3,1,0,105,1,1
41,5,1,0,0,155,1,4
63,12,3,0,0,47,1,0
14,5,2,0,0,147,1,0
28,10,2,1,0,232,1,0
32,2,2,0,0,91,1,2
93,5,1,0,0,169,0,2
26,9,2,0,0,135,1,2
35,9,2,0,0,142,1,4
28,13,1,0,0,92,1,2
37,4,2,1,0,166,1,1
56,11,3,0,0,81,1,0
96,1,1,0,0,129,0,4
100,8,3,0,0,77,0,0
26,7,2,0,0,127,1,2
54,2,1,1,0,108,1,4
32,7,1,0,1,62,1,3
67,13,3,1,0,205,1,1
85,8,1,0,0,220,0,2
65,13,1,0,0,26,0,2
9,14,1,1,0,170,1,1
4,2,2,1,0,186,1,1
73,2,1,0,1,235,1,3
96,1,1,0,0,185,0,2
37,7,2,0,0,159,1,2
12,9,2,0,0,54,1,0
30,0,2,0,0,191,1,4
46,7,3,0,0,99,1,4
99,6,3,0,0,71,0,0
87,13,3,0,0,101,0,4
51,6,2,1,0,98,1,1
55,2,2,1,0,206,1,4
14,0,1,1,0,217,1,4
28,3,2,1,0,199,1,0
7,8,1,0,1,135,1,3
4,4,2,0,0,240,1,4
28,0,3,0,0,216,1,4
46,14,1,0,1,88,1,3
67,4,3,1,0,121,1,0
75,12,2,0,1,138,1,3
44,7,3,0,0,212,1,0
1,7,2,1,0,114,1,1
26,4,3,0,0,230,1,0
94,11,2,1,0,218,1,1
35,8,1,0,0,57,1,1
35,14,3,0,0,133,1,0
25,0,1,0,0,37,1,2
42,3,1,0,0,169,1,0
26,2,3,0,0,200,1,4
68,1,2,0,0,51,1,4
19,14,2,0,0,148,1,2
10,7,2,0,0,79,1,1
73,6,1,0,0,148,0,2
37,8,1,1,0,192,1,4
5,1,1,0,0,36,1,2
71,13,3,0,0,119,1,0
22,13,2,0,0,102,1,2
46,3,2,0,0,167,1,1
89,13,3,0,0,139,0,0
45,14,1,0,1,93,1,3
11,5,2,0,0,104,1,4
89,10,2,0,0,214,0,4
12,2,3,1,0,65,1,2
61,7,1,1,0,230,1,0
81,2,1,1,1,190,1,3
88,13,3,0,0,116,0,0
96,11,1,0,0,212,0,4
59,12,3,0,0,120,1,0
42,12,1,0,1,207,1,3
75,1,2,1,0,74,1,2
99,12,3,0,0,60,0,1
67,12,3,0,0,50,1,0
4,2,2,1,0,200,1,1
36,10,1,0,0,218,1,4
71,5,3,0,0,180,1,2
91,1,1,0,0,25,1,2
30,7,1,0,0,26,1,0
8,0,2,0,0,184,1,2
50,6,3,0,0,53,1,0
28,1,2,1,0,213,1,0
77,9,2,1,0,153,1,1
39,11,1,0,0,50,1,2
40,5,3,0,0,66,1,0
85,11,3,1,0,45,1,1
10,1,1,0,1,47,1,3
22,1,3,1,0,155,1,1
0,9,3,1,0,160,1,1
45,12,3,0,0,183,1,0
100,7,1,0,0,72,0,4
20,14,2,0,0,198,1,4
89,14,2,1,0,166,1,4
35,11,2,1,0,215,1,1
53,1,3,0,0,142,1,0
86,6,1,0,0,45,0,2
56,2,3,0,0,69,1,1
0,7,1,1,0,24,1,1
62,6,3,0,0,202,1,0
53,13,1,0,1,144,1,3
54,7,3,1,0,29,1,1
39,13,1,0,1,17,1,3
14,6,1,0,1,57,1,3
20,10,2,0,0,173,1,4
46,5,2,0,0,212,1,0
72,12,1,0,1,81,0,3
52,6,3,0,0,70,1,0
8,4,2,0,0,77,1,4
73,6,1,1,0,217,1,0
51,0,2,1,0,29,1,1
56,0,2,0,1,123,1,3
25,8,3,1,0,130,1,0
40,13,2,0,0,106,1,2
34,4,3,1,0,152,1,0
62,12,1,0,1,180,0,3
24,4,1,0,0,61,1,4
89,2,1,0,0,71,1,4
74,4,2,1,1,64,1,3
37,2,3,1,0,85,1,1
1,8,2,1,0,157,1,1
6,8,1,0,0,160,1,4
81,5,1,0,0,96,0,4
90,14,1,1,1,130,1,3
33,0,2,1,0,119,1,1
90,6,1,0,0,102,0,4
16,6,3,1,0,16,1,1
42,13,2,1,0,118,1,4
58,9,3,0,0,98,1,0
50,9,2,0,0,240,1,2
53,3,3,0,0,57,1,0
23,7,2,0,0,168,1,4
24,5,2,0,0,85,1,2
70,3,2,0,0,180,1,2
51,3,2,0,0,108,1,4
69,1,2,0,0,56,1,4
87,13,3,1,0,147,1,1
32,1,2,0,0,153,1,4
48,11,2,0,1,79,1,3
28,13,3,0,0,48,1,4
62,3,1,0,1,134,1,3
21,4,1,0,0,15,1,4
25,7,2,0,0,225,1,1
27,14,1,0,1,144,1,3
84,5,3,0,0,227,0,0
48,13,1,0,1,162,1,3
70,14,2,1,0,75,1,1
80,3,1,0,1,229,1,3
83,12,1,0,0,163,0,4
48,10,2,1,0,102,1,4
19,6,3,0,0,82,1,1
85,7,1,0,0,141,0,2
91,1,2,0,0,154,0,4
62,11,3,1,0,36,1,0
60,6,2,1,0,162,1,1
48,14,1,0,1,96,1,3
70,13,3,0,1,143,1,3
0,1,2,0,0,44,1,0
95,1,1,0,0,140,0,4
12,7,2,1,0,111,1,1
93,1,3,1,0,38,1,0
86,14,2,0,0,28,0,4
50,10,3,1,0,50,1,1
55,8,1,0,1,211,1,3
82,11,3,1,0,217,1,1
61,0,1,1,0,38,1,2
31,14,2,1,0,202,1,1
29,8,1,1,0,109,1,2
28,14,2,1,0,69,1,1
48,0,2,0,0,219,1,2
44,9,3,0,1,222,1,3
92,12,2,0,0,38,0,4
29,9,2,0,0,219,1,2
15,1,2,0,0,166,1,2
39,5,3,0,1,196,1,3
18,5,1,0,0,40,1,2
17,0,3,0,0,208,1,0
0,6,1,0,1,94,1,3
77,7,3,1,0,180,1,0
46,1,1,1,1,79,1,3
65,7,1,0,0,89,0,2
91,8,2,0,0,193,0,0
93,5,1,0,0,177,0,2
37,4,2,0,1,57,1,3
50,11,2,0,0,43,1,2
62,8,3,0,0,179,1,0
3,12,3,0,0,95,1,0
0,11,1,0,0,200,1,2
7,10,2,1,0,68,1,1
28,8,1,0,1,53,1,3
54,0,1,0,1,56,1,3
2,10,1,0,0,170,1,2
31,2,3,1,0,43,1,1
9,8,3,0,0,185,1,0
73,10,2,0,0,145,1,4
82,1,2,0,0,152,0,4
33,11,1,0,0,201,1,2
96,3,1,1,0,156,1,1
86,3,2,1,0,218,1,1
54,1,1,0,1,189,1,3
91,14,1,0,0,56,0,0
31,2,2,1,0,108,1,1
49,12,2,0,0,174,1,4
6,2,2,0,0,46,1,0
92,0,3,0,0,184,1,0
7,5,2,0,0,174,1,2
64,7,2,1,0,40,1,1
56,11,2,0,0,129,1,2
66,2,3,1,0,143,1,1
87,4,2,0,1,70,1,3
86,0,1,0,0,136,0,2
58,9,1,0,0,120,1,2
71,6,2,0,0,144,1,4
53,9,1,0,0,95,1,2
100,12,3,1,0,172,1,1
66,0,3,0,0,134,1,4
50,11,1,0,0,213,1,2
96,10,1,0,0,66,0,2
91,8,1,0,1,105,1,3
7,7,1,0,0,151,1,2
33,6,3,1,0,36,1,0
34,9,1,0,0,48,1,4
95,14,3,1,0,124,1,0
87,6,1,0,0,63,0,4
77,4,3,0,1,143,1,3
31,4,1,0,0,87,1,2
45,10,3,0,0,98,1,2
15,12,3,0,0,67,1,2
67,4,2,1,0,225,1,4
36,0,2,0,0,114,1,2
53,7,3,0,0,138,1,0
84,11,2,0,0,182,0,2
13,10,1,0,1,59,1,3
94,0,2,0,0,210,0,0
54,3,1,0,0,151,1,2
47,14,1,0,0,119,1,2
81,8,2,0,0,164,0,1
6,13,1,0,0,160,1,4
73,8,2,0,0,218,0,0
6,4,1,1,0,120,1,1
32,3,1,0,1,57,1,3
22,2,1,0,0,181,1,4
84,2,1,0,0,215,0,0
18,11,1,1,0,148,1,2
18,4,3,0,0,225,1,0
35,9,1,0,0,62,1,2
28,0,2,1,0,140,1,4
59,4,1,0,0,21,1,2
81,5,2,0,1,222,1,3
1,6,1,0,0,211,1,2
0,11,1,0,1,30,1,3
46,8,2,0,0,143,1,4
68,2,2,1,0,129,1,4
19,14,3,0,0,51,1,0
10,1,1,0,1,225,1,3
1,13,3,0,1,179,1,3
66,2,2,1,0,139,1,1
86,11,2,1,0,95,1,1
11,8,3,1,0,206,1,1
19,11,1,0,0,232,1,2
4,6,3,1,0,228,1,1
36,8,1,0,1,76,1,3
37,12,2,0,0,86,1,2
93,1,1,0,0,203,0,4
8,4,3,0,0,139,1,0
97,12,3,1,0,175,1,1
52,3,1,0,0,80,1,4
43,14,1,0,1,44,1,3
98,1,2,0,0,34,1,0
85,8,3,0,0,202,0,4
23,8,2,0,0,96,1,0
80,5,2,1,0,121,1,1
73,10,1,1,1,216,1,3
29,5,2,0,0,166,1,0
58,7,2,0,0,146,1,4
86,5,3,1,0,51,1,1
95,0,2,1,0,146,1,1
80,3,3,0,0,91,1,4
80,12,2,0,0,103,1,4
13,6,1,0,0,219,1,0
8,12,1,0,0,160,1,2
39,12,2,1,0,102,1,1
65,1,3,0,0,208,1,0
24,8,3,0,0,190,1,4
72,7,2,0,0,47,1,0
21,7,1,0,0,72,1,4
3,6,1,0,1,225,1,3
25,3,3,0,0,215,1,4
57,1,3,0,0,42,1,4
28,2,2,0,0,49,1,4
97,11,1,0,0,139,0,2
86,5,2,0,0,152,0,4
36,11,2,1,0,79,1,1
74,11,2,1,0,56,1,1
69,4,3,0,0,99,1,0
17,11,1,0,0,151,1,2
84,7,2,0,0,202,0,0
41,5,3,1,0,125,1,1
99,5,3,1,0,29,1,1
40,0,1,0,1,199,1,3
37,3,2,0,0,83,1,4
33,4,2,1,0,119,1,1
16,11,3,0,0,164,1,0
36,10,3,1,0,78,1,0
24,2,2,0,0,55,1,4
75,12,2,1,0,229,1,4
86,8,1,0,1,85,1,3
85,0,1,0,0,70,1,2
84,5,3,0,0,165,0,0
26,5,2,1,0,39,1,4
56,9,3,1,0,233,1,0
30,4,2,1,0,119,1,4
5,11,1,1,0,148,1,1
90,14,2,0,0,133,0,0
39,4,3,1,0,176,1,1
97,9,2,0,0,205,0,0
11,13,2,0,0,23,1,2
52,12,1,0,1,74,1,3
70,4,1,1,0,139,1,1
9,5,2,0,0,63,1,4
44,7,2,0,0,239,1,2
16,1,3,0,0,65,1,0
25,5,3,1,0,202,1,1
84,0,2,1,0,84,1,0
91,3,1,0,0,51,0,0
61,13,3,0,0,45,1,0
45,9,1,0,1,240,1,3
63,2,1,0,1,183,1,3
1,8,2,0,0,76,1,4
53,2,2,0,0,107,1,1
64,14,2,0,0,200,0,2
50,5,1,0,0,28,1,2
52,0,1,0,0,178,1,2
35,11,2,0,0,178,1,0
25,5,2,0,1,93,1,3
28,3,2,1,0,22,1,1
20,7,3,1,0,168,1,0
10,12,3,0,1,50,1,3
39,10,1,0,1,62,1,3
10,8,2,1,0,99,1,1
35,3,2,1,0,42,1,1
58,9,2,0,0,210,1,1
38,11,3,1,0,204,1,0
98,9,2,0,0,222,0,4
53,5,3,1,0,228,1,1
97,0,3,0,0,218,1,4
54,3,3,0,0,222,1,0
23,6,3,0,0,65,1,4
21,11,1,0,0,118,1,2
68,14,2,0,0,184,0,4
55,0,3,0,0,115,1,1
32,7,2,0,0,43,1,0
35,11,3,0,0,141,1,1
19,9,1,0,0,96,1,2
82,11,3,0,0,24,0,1
98,10,3,1,0,120,1,1
80,5,3,1,0,181,1,1
61,4,1,0,1,224,0,3
97,9,2,0,0,15,0,2
72,10,2,1,0,53,1,1
25,14,2,1,0,35,1,1
65,13,3,1,0,79,1,1
72,8,3,0,0,29,1,0
72,1,2,0,1,146,1,3
39,4,2,0,0,202,1,0
16,5,1,0,1,75,1,3
0,6,3,1,0,162,1,1
88,4,1,0,0,152,0,2
60,8,1,0,0,101,1,4
42,0,3,0,0,119,1,4
41,6,2,1,0,48,1,1
24,9,3,0,0,138,1,0
38,6,1,0,0,124,1,2
34,3,1,1,1,190,1,3
2,8,2,1,0,47,1,1
100,13,1,0,0,112,0,2
43,11,1,0,0,75,1,2
50,10,1,0,1,24,1,3
93,4,1,0,0,196,0,2
97,3,2,1,0,98,1,0
11,12,3,0,0,79,1,0
18,6,2,0,0,91,1,0
100,3,1,0,0,15,0,2
43,14,3,1,0,147,1,0
58,2,2,1,1,94,1,3
48,8,2,0,0,29,1,2
60,10,2,0,0,42,1,4
16,7,3,0,0,237,1,2
73,0,2,0,1,37,1,3
56,6,2,0,0,123,1,4
54,8,1,0,0,121,1,2
46,7,3,0,0,159,1,0
11,7,3,1,0,127,1,1
61,12,3,1,0,112,1,1
79,5,2,0,0,155,1,0
87,10,2,1,0,156,1,1
82,3,2,1,0,153,1,1
7,7,2,0,0,42,1,0
94,2,3,0,0,56,1,0
20,12,1,1,0,238,1,2
80,8,1,0,0,113,0,2
86,12,2,0,0,75,0,0
100,1,1,0,1,137,1,3
79,1,2,1,0,78,1,1
69,11,2,0,0,45,1,2
71,12,2,1,0,95,1,1
24,14,1,0,0,215,1,4
81,11,3,1,0,24,1,0
88,6,1,0,1,22,1,3
11,11,1,0,0,163,1,4
14,9,2,0,0,219,1,4
58,3,2,1,0,73,1,4
25,9,3,0,0,192,1,0
25,7,2,0,0,211,1,2
46,8,1,0,0,212,1,0
31,6,3,0,0,44,1,2
9,4,3,0,0,237,1,4
15,7,3,0,0,159,1,4
70,3,1,0,1,217,1,3
16,1,3,0,0,34,1,2
22,10,3,0,0,62,1,4
25,14,3,1,0,215,1,1
84,11,1,0,1,144,1,3
85,5,3,0,0,51,0,0
6,8,3,0,1,143,1,3
13,0,3,1,0,146,1,1
78,10,1,0,0,114,0,2
6,9,3,0,0,68,1,0
8,11,3,0,0,136,1,0
47,6,1,0,0,39,1,2
71,9,1,0,1,145,0,3
58,8,3,1,0,23,1,4
86,9,1,1,1,228,1,3
92,8,2,1,0,229,1,1
81,9,2,0,0,218,0,4
94,10,2,0,1,216,1,3
93,12,1,0,0,48,0,2
38,2,3,1,0,57,1,1
98,10,3,1,0,88,1,1
17,12,1,0,0,108,1,1
58,4,2,0,0,36,1,4
16,7,1,0,0,84,1,0
13,7,2,0,0,144,1,4
30,3,1,0,1,108,1,3
23,14,3,0,0,208,1,0
98,14,2,0,1,46,1,3
59,11,2,0,0,120,1,0
44,10,1,1,0,158,1,4
97,10,2,1,0,218,1,1
2,0,1,0,0,15,1,2
36,0,2,1,0,86,1,1
42,14,3,0,0,190,1,4
39,3,3,0,0,64,1,0
89,5,2,1,0,155,1,1
54,7,3,1,0,29,1,4
86,5,1,0,1,67,1,3
38,11,2,0,0,186,1,2
14,8,2,1,0,22,1,1
3,14,2,0,0,88,1,0
92,14,3,0,1,60,1,3
85,8,2,0,0,83,0,4
24,13,2,0,0,128,1,2
12,1,2,0,0,161,1,0
81,9,1,0,0,180,0,4
32,0,1,0,0,137,1,4
15,1,2,1,0,153,1,1
41,4,3,0,0,131,1,1
65,3,2,1,0,57,1,0
54,3,2,1,0,34,1,4
98,8,3,1,0,162,1,1
41,10,2,0,0,35,1,2
33,7,1,1,0,96,1,2
29,5,3,0,0,71,1,4
12,0,2,1,0,192,1,1
12,1,3,1,0,88,1,0
17,5,2,1,0,112,1,0
31,10,2,0,0,168,1,0
95,1,1,0,0,172,0,2
98,14,3,1,0,215,1,1
38,12,2,1,0,124,1,1
45,9,1,0,0,129,1,2
28,4,3,0,0,173,1,0
61,13,2,0,0,56,1,0
92,4,1,0,0,82,0,4
61,5,1,0,1,203,0,3
56,5,3,1,0,203,1,1
15,13,1,1,0,84,1,1
55,5,2,0,0,92,1,1
9,13,1,0,1,210,1,3
29,1,2,0,0,104,1,4
24,13,2,1,1,125,1,3
83,9,3,0,0,126,0,0
4,13,1,0,0,117,1,0
64,12,2,1,0,159,1,1
93,14,1,0,0,33,0,2
48,13,1,1,0,193,1,1
2,2,1,0,0,84,1,2
44,13,1,0,1,77,1,3
13,5,3,1,0,235,1,0
29,12,2,0,0,89,1,2
67,7,1,0,1,222,0,3
17,11,3,0,0,172,1,0
61,12,1,0,0,167,0,2
36,10,2,1,0,118,1,1
24,11,2,1,0,89,1,1
47,0,1,1,0,142,1,1
64,0,1,0,1,213,1,3
52,10,2,1,0,168,1,1
78,12,3,0,0,70,1,4
72,1,3,1,0,36,1,0
14,10,1,0,1,103,1,3
48,14,3,1,0,33,1,1
87,11,3,0,0,173,0,0
67,11,2,0,0,40,1,2
11,5,3,1,0,184,1,1
58,8,3,1,0,183,1,0
36,3,1,1,0,37,1,4
60,2,1,0,0,61,1,2
100,11,2,0,0,27,0,4
42,7,3,0,0,231,1,0
69,10,2,0,0,80,1,4
38,9,3,1,0,208,1,0
55,13,3,0,0,158,1,0
62,8,3,0,0,87,1,4
45,11,3,0,0,170,1,0
87,10,3,1,0,91,1,1
10,4,1,0,0,177,1,0
61,8,1,0,1,183,0,3
76,1,3,0,0,219,1,0
97,2,2,0,1,45,1,3
24,6,3,0,0,99,1,0
70,6,3,0,0,174,1,0
51,5,1,0,0,196,1,4
3,5,2,1,0,240,1,1
58,1,3,0,0,214,1,1
71,9,1,0,0,73,0,2
19,5,2,0,0,55,1,4
92,3,1,0,0,126,0,4
62,11,2,1,0,208,1,1
53,2,2,0,0,110,1,4
73,12,2,1,0,196,1,1
97,10,2,0,0,182,0,4
56,12,1,1,0,136,1,0
89,1,3,1,0,170,1,1
40,0,2,1,0,179,1,1
2,10,2,1,1,119,1,3
5,10,2,0,0,207,1,4
4,4,1,0,0,88,1,4
4,1,3,0,0,197,1,1
53,1,3,1,0,146,1,0
46,6,3,0,0,113,1,0
86,7,2,1,0,140,1,0
48,12,3,0,0,152,1,4
8,9,2,0,1,189,1,3
98,7,2,1,0,89,1,1
19,13,1,0,0,28,1,2
60,3,2,0,1,52,1,3
34,14,2,0,0,154,1,2
49,13,2,0,1,59,1,3
81,0,3,0,0,159,1,0
61,10,2,0,0,222,0,4
16,6,1,0,0,177,1,2
87,0,1,0,1,208,1,3
2,10,2,0,0,89,1,4
31,3,3,0,0,183,1,2
98,7,2,1,0,209,1,1
12,1,1,0,1,43,1,3
88,5,3,1,0,32,1,1
72,12,3,0,0,34,1,0
67,5,3,1,0,28,1,1
13,11,3,1,0,176,1,1
100,8,1,0,1,191,1,3
97,4,3,0,0,68,0,0
10,9,3,1,0,45,1,1
55,3,3,0,0,72,1,4
66,4,2,1,0,118,1,2
91,11,3,1,0,184,1,1
28,11,2,0,0,200,1,0
8,9,2,1,0,142,1,1
66,14,2,0,0,224,0,2
24,10,2,0,0,172,1,0
97,4,1,0,1,39,1,3
75,7,3,1,0,205,1,0
41,9,2,0,1,33,1,3
8,11,2,0,0,214,1,0
78,7,2,0,0,234,0,2
39,1,2,0,0,150,1,2
24,6,3,0,0,237,1,0
4,7,3,1,0,17,1,1
10,10,1,0,0,209,1,2
58,5,1,1,1,100,1,3
97,4,1,0,1,223,1,3
87,10,2,0,0,159,0,4
78,8,1,0,1,156,0,3
37,12,3,0,0,23,1,4
71,2,3,1,0,204,1,0
4,11,3,0,0,108,1,0
47,12,3,1,0,163,1,0
89,12,2,1,0,218,1,1
17,9,1,1,0,179,1,1
69,3,3,0,0,238,1,4
36,8,1,0,1,153,1,3
59,5,1,0,1,34,1,3
47,7,3,1,0,49,1,0
76,6,1,0,0,67,0,2
27,10,3,1,0,189,1,1
68,1,2,0,0,124,1,1
76,2,1,0,0,217,1,0
80,0,2,1,0,194,1,1
39,8,3,0,0,150,1,0
44,12,2,0,0,18,1,4
95,6,1,0,1,169,1,3
61,0,2,0,0,186,1,2
92,2,3,0,1,182,1,3
57,3,1,0,1,116,1,3
66,3,2,0,0,61,1,4
55,4,2,1,0,108,1,1
39,13,3,0,0,186,1,2
97,2,3,0,0,62,1,1
39,2,1,0,1,105,1,3
90,0,3,0,0,227,1,0
76,6,1,0,1,194,0,3
32,10,1,1,0,98,1,1
5,9,1,0,1,82,1,3
87,13,3,1,0,153,1,0
18,0,2,0,0,219,1,4
79,1,1,1,0,139,1,1
39,12,2,0,1,87,1,3
91,3,2,1,0,18,1,1
96,12,2,0,0,90,0,4
58,3,1,0,1,87,1,3
58,4,1,0,1,91,1,3
47,10,2,1,0,62,1,1
40,1,2,1,0,168,1,1
12,3,3,1,0,116,1,0
44,0,1,0,0,120,1,4
88,1,3,0,0,91,1,0
52,0,1,0,1,53,1,3
41,9,3,1,0,234,1,1
99,9,2,0,1,72,1,3
62,12,1,0,1,33,0,3
26,3,1,0,0,102,1,2
37,3,1,0,0,225,1,2
59,6,1,0,1,127,1,3
6,9,2,1,0,91,1,1
4,10,1,0,1,91,1,3
44,10,1,0,0,200,1,2
57,8,3,0,0,42,1,1
30,8,1,0,1,80,1,3
22,4,2,0,0,24,1,4
41,9,2,0,0,140,1,4
9,0,3,0,1,228,1,3
31,0,3,1,0,219,1,1
52,5,1,0,1,72,1,3
29,1,2,0,1,215,1,3
38,7,1,0,0,239,1,2
30,12,3,0,0,156,1,4
81,8,2,0,0,139,0,2
99,12,1,1,0,126,1,2
1,3,2,0,1,98,1,3
77,4,1,0,0,157,1,2
76,10,1,0,0,110,0,4
92,7,1,0,0,47,0,2
11,2,2,0,0,159,1,4
38,4,1,0,0,166,1,2
65,2,1,0,0,172,1,4
95,11,2,0,0,204,0,2
12,9,1,0,0,155,1,2
45,2,1,1,0,204,1,1
26,2,1,0,0,61,1,4
16,12,2,0,0,126,1,4
94,11,2,0,0,158,0,4
97,6,1,1,0,208,1,0
59,14,3,0,0,223,1,2
63,6,2,0,0,238,0,4
87,6,2,0,0,57,0,0
34,9,2,1,0,22,1,1
69,7,2,0,0,17,1,4
82,4,2,0,0,139,0,4
29,4,2,1,0,26,1,0
70,13,1,0,0,98,0,2
73,3,3,1,0,30,1,1
95,6,1,0,0,92,0,4
97,9,1,0,0,222,0,2
62,3,3,1,0,73,1,1
27,14,2,0,1,191,1,3
59,1,1,0,1,77,1,3
78,3,3,1,0,204,1,1
93,12,1,0,0,63,0,0
36,12,3,0,0,65,1,1
92,7,2,1,0,47,1,1
21,8,3,1,0,44,1,0
67,2,3,1,0,201,1,0
19,6,3,0,0,90,1,2
95,13,3,0,0,29,0,2
99,11,3,0,0,96,0,0
67,13,1,0,1,106,0,3
90,8,1,0,1,37,1,3
63,10,3,1,0,220,1,1
16,3,3,0,0,108,1,4
11,9,2,1,0,239,1,1
21,14,3,1,0,59,1,1
16,2,3,0,0,76,1,4
9,4,3,1,0,221,1,0
64,0,2,0,1,213,1,3
21,2,2,1,0,29,1,1
89,14,1,1,0,60,1,4
81,7,1,0,0,78,0,2
49,10,2,1,0,188,1,1
13,7,2,0,1,198,1,3
63,14,3,1,0,186,1,0
46,12,3,1,0,89,1,1
28,3,3,1,0,171,1,1
75,1,1,0,0,237,1,4
35,12,1,1,0,204,1,2
98,7,1,0,0,231,0,2
51,7,2,0,0,66,1,0
75,9,1,0,1,196,0,3
6,3,1,1,0,102,1,0
28,2,2,1,0,71,1,1
10,1,2,1,0,97,1,1
32,8,2,1,0,80,1,2
5,0,1,0,1,164,1,3
78,6,2,0,0,34,1,4
31,4,1,0,1,47,1,3
50,7,3,1,0,86,1,1
74,3,1,0,0,39,1,4
57,6,1,0,1,60,1,3
86,12,2,1,1,87,1,3
25,4,2,0,0,112,1,4
97,14,3,1,0,71,1,1
45,13,1,0,1,101,1,3
97,4,2,0,0,147,0,4
28,13,1,1,0,69,1,1
3,8,2,0,0,75,1,4
80,8,1,0,0,103,0,4
98,12,1,0,1,22,1,3
12,8,2,1,0,30,1,1
38,11,1,0,1,190,1,3
14,5,1,1,0,130,1,0
28,5,3,0,0,75,1,0
28,4,3,1,0,29,1,1
74,8,1,0,0,207,0,4
31,9,1,0,1,164,1,3
1,7,2,0,1,145,1,3
46,6,2,1,0,116,1,1
77,6,2,1,0,68,1,1
83,5,2,1,0,28,1,0
21,4,2,0,0,50,1,2
74,12,3,1,0,224,1,1
26,3,2,0,0,119,1,2
66,2,1,1,0,96,1,1
80,2,2,0,0,81,1,4
55,5,3,1,0,24,1,4
91,14,1,1,0,63,1,0
92,3,3,0,0,125,0,0
20,11,3,0,0,79,1,2
46,11,1,1,0,233,1,1
79,5,3,0,1,71,1,3
100,2,2,1,0,41,1,0
58,14,2,0,1,217,1,3
83,3,1,0,1,127,1,3
5,14,2,1,0,147,1,1
18,8,2,0,0,85,1,2
56,4,3,1,0,97,1,1
68,12,1,1,0,71,1,0
2,6,1,1,1,134,1,3
0,9,2,1,0,107,1,1
57,1,2,1,0,29,1,1
37,13,2,0,0,125,1,1
14,13,3,1,0,115,1,0
33,4,1,0,0,133,1,2
60,8,1,1,0,90,1,1
34,10,2,0,0,172,1,0
63,2,1,0,1,34,1,3
24,13,2,0,0,179,1,4
23,8,3,0,0,145,1,0
11,13,1,0,0,87,1,4
17,10,3,1,0,136,1,1
14,14,3,1,0,55,1,1
79,5,3,0,0,181,1,0
26,3,2,0,0,168,1,4
71,6,3,1,0,144,1,1
59,7,1,0,1,37,1,3
45,5,1,0,0,37,1,2
88,4,2,0,0,227,0,2
16,5,2,1,0,158,1,1
92,4,3,0,0,23,0,4
52,7,1,1,0,27,1,1
7,0,2,0,0,170,1,4
78,10,1,0,1,169,0,3
26,6,2,0,0,65,1,4
45,14,2,1,0,78,1,1
49,9,2,0,1,66,1,3
70,9,3,1,0,223,1,0
2,10,1,0,0,52,1,2
92,1,3,1,0,114,1,1
63,14,2,0,0,207,0,1
43,13,1,1,0,160,1,1
52,8,1,0,1,205,1,3
23,0,1,1,0,65,1,0
59,10,2,0,0,151,1,4
2,9,2,0,0,155,1,0
19,5,2,1,1,182,1,3
45,8,3,1,0,69,1,1
14,0,1,0,0,123,1,2
24,3,2,1,0,221,1,1
93,3,1,0,0,185,0,4
77,14,1,0,0,58,0,2
70,8,1,1,0,124,1,1
16,10,1,0,0,210,1,2
83,4,3,1,0,175,1,0
99,4,2,0,1,166,1,3
8,5,2,1,0,178,1,1
37,0,2,0,0,142,1,4
47,0,2,0,0,119,1,0
59,14,3,1,0,24,1,1
62,8,3,0,0,114,1,0
85,2,1,0,0,162,0,4
1,3,3,1,0,123,1,1
87,0,2,0,0,122,0,4
71,8,1,1,0,217,1,2
10,14,2,1,0,154,1,4
63,7,1,0,0,204,0,2
76,1,2,1,0,160,1,1
80,7,1,0,0,108,0,2
71,14,2,1,0,77,1,1
20,6,1,1,0,98,1,1
17,10,2,0,1,39,1,3
93,5,2,1,0,26,1,1
63,0,1,0,0,163,1,2
81,14,2,0,1,39,1,3
94,6,2,0,1,25,1,3
37,9,3,1,0,78,1,1
31,6,2,0,0,215,1,4
10,12,1,0,0,140,1,4
44,13,2,0,1,64,1,3
88,8,3,1,0,204,1,1
32,0,1,1,0,103,1,4
40,1,3,1,0,113,1,1
7,10,1,1,0,130,1,1
10,8,3,0,1,110,1,3
85,12,2,0,1,191,1,3
50,8,3,1,0,28,1,0
87,12,3,0,0,15,0,4
40,5,2,0,0,223,1,4
16,5,1,0,0,39,1,4
75,3,1,0,0,201,1,2
45,3,1,1,0,86,1,1
31,4,1,0,1,83,1,3
78,2,2,0,0,147,1,4
79,0,2,0,0,119,1,0
53,14,2,0,0,161,1,4
85,0,2,1,0,37,1,1
91,11,3,0,0,23,0,1
19,14,1,0,1,132,1,3
32,12,1,0,0,108,1,2
73,6,1,0,1,192,0,3
39,0,2,1,0,158,1,4
31,0,2,1,0,47,1,0
96,2,2,0,1,144,1,3
1,9,1,0,0,28,1,2
96,14,1,0,1,15,1,3
32,3,3,1,0,104,1,1
76,3,1,0,0,200,1,4
29,1,2,0,0,103,1,4
32,0,1,0,0,158,1,4
76,2,2,0,0,221,1,4
25,10,2,0,0,104,1,4
21,3,2,0,0,189,1,4
65,2,2,0,0,186,1,0
37,7,1,0,0,222,1,2
89,13,2,0,0,28,0,4
45,9,2,0,0,235,1,2
14,0,2,0,0,166,1,4
97,13,1,0,1,125,1,3
43,1,1,0,0,197,1,4
48,12,2,1,0,157,1,1
74,6,2,1,0,97,1,0
60,3,1,0,1,86,1,3
66,7,1,0,1,176,0,3
5,10,2,1,0,144,1,1
8,12,2,0,0,41,1,4
5,2,3,0,0,88,1,0
72,5,1,1,1,113,1,3
94,8,3,0,0,229,0,0
31,0,2,0,1,86,1,3
40,0,2,0,0,234,1,4
75,7,1,0,1,37,0,3
7,2,1,0,1,82,1,3
71,4,1,0,0,156,1,2
49,0,2,0,0,205,1,4
91,4,3,1,0,131,1,1
61,10,1,1,0,120,1,1
83,5,1,0,0,107,0,4
61,7,3,1,0,79,1,1
6,12,2,0,0,82,1,4
74,13,2,1,0,142,1,1
83,2,2,1,0,77,1,2
79,2,2,1,0,238,1,1
3,11,1,1,1,239,1,3
5,10,2,0,0,127,1,4
57,10,3,0,0,104,1,0
21,9,3,1,0,95,1,0
25,8,1,0,0,117,1,4
2,3,1,0,0,229,1,2
40,14,2,1,0,206,1,1
59,3,1,0,0,174,1,2
13,11,1,0,0,130,1,0
74,6,2,0,0,221,0,4
81,1,3,0,0,27,1,4
11,7,1,0,0,208,1,2
86,5,1,0,0,138,0,2
11,2,2,1,0,161,1,1
12,8,1,0,1,166,1,3
24,4,1,0,1,102,1,3
44,7,3,1,0,25,1,1
18,6,3,0,1,201,1,3
54,13,3,0,0,228,1,0
99,7,1,0,1,29,1,3
44,6,3,1,0,24,1,1
7,2,1,0,1,55,1,3
92,1,2,0,0,169,0,4
52,6,1,0,0,202,1,2
54,2,3,0,0,87,1,0
31,2,2,0,0,66,1,4
50,1,3,0,0,142,1,4
43,3,3,1,0,42,1,1
81,7,1,0,0,79,0,2
69,11,2,0,0,31,1,2
17,0,3,0,0,109,1,0
82,0,2,1,0,186,1,1
21,11,2,0,0,152,1,0
36,13,1,0,1,77,1,3
95,4,2,0,0,235,0,4
55,10,2,0,0,224,1,0
58,4,2,0,0,189,1,4
2,10,2,1,0,52,1,1
27,11,2,0,1,84,1,3
73,0,2,1,0,118,1,1
34,5,1,0,1,218,1,3
60,0,1,0,1,67,1,3
92,4,2,0,0,220,0,4
53,8,2,1,0,186,1,1
62,11,2,1,0,133,1,1
78,13,2,0,0,88,1,0
96,4,3,1,0,68,1,1
6,5,3,0,0,34,1,0
75,7,1,1,0,93,1,2
48,10,2,0,0,45,1,2
93,0,2,0,0,149,0,2
84,13,1,1,0,72,1,1
30,1,3,0,0,119,1,1
57,8,3,0,0,24,1,0
60,2,1,0,1,24,1,3
23,5,2,0,0,53,1,0
19,4,1,0,0,170,1,2
36,10,2,1,0,172,1,0
3,1,2,0,1,51,1,3
91,13,2,1,0,133,1,1
19,14,3,1,0,81,1,0
59,6,2,0,0,57,1,2
23,3,2,0,0,221,1,2
49,0,3,1,0,227,1,1
48,12,1,0,0,66,1,0
50,3,1,0,1,115,1,3
95,5,3,1,0,70,1,1
35,6,1,0,0,90,1,0
97,14,1,0,0,82,0,4
99,6,2,0,0,151,0,2
65,13,2,0,1,120,1,3
78,6,1,0,1,139,0,3
33,2,2,0,1,106,1,3
35,5,2,1,0,37,1,2
5,12,2,0,0,205,1,0
38,7,1,1,0,123,1,1
41,3,3,0,0,75,1,0
57,12,2,1,0,182,1,1
11,7,1,0,1,58,1,3
2,1,3,1,0,228,1,0
17,14,2,1,1,166,1,3
39,9,1,0,0,193,1,4
20,8,1,0,1,200,1,3
14,8,1,0,1,232,1,3
96,7,3,1,0,236,1,1
98,9,1,0,0,175,0,4
25,13,1,0,1,30,1,3
7,12,3,0,1,36,1,3
99,9,1,0,0,71,0,4
93,0,3,0,0,76,1,4
86,1,3,0,0,121,1,0
41,5,3,1,0,224,1,1
43,9,1,0,0,85,1,4
13,4,2,0,0,104,1,4
77,11,2,0,0,86,1,2
1,13,3,0,0,84,1,4
36,8,2,1,0,44,1,1
68,4,2,0,1,117,1,3
37,1,1,0,1,165,1,3
40,9,1,0,1,46,1,3
61,3,1,0,1,100,1,3
59,8,2,0,0,71,1,2
13,0,2,0,0,123,1,4
88,10,1,0,1,23,1,3
83,0,3,0,0,45,1,0
1,11,1,0,1,85,1,3
69,6,2,0,0,151,1,4
16,10,1,0,1,27,1,3
88,2,1,0,0,200,0,2
27,9,3,1,0,145,1,1
65,1,3,1,0,49,1,1
34,8,2,0,0,239,1,4
100,2,3,1,0,35,1,1
4,1,1,1,0,78,1,1
64,11,2,0,0,109,1,0
39,7,2,0,0,194,1,4
75,9,1,0,0,48,0,4
55,5,2,1,0,238,1,1
35,5,2,1,0,135,1,1
44,9,1,1,0,177,1,1
22,10,1,0,0,29,1,2
46,6,1,0,1,134,1,3
30,6,1,0,0,110,1,2
10,10,3,0,0,20,1,4
9,12,3,0,0,123,1,0
66,14,1,0,1,227,0,3
13,5,3,0,0,111,1,0
79,3,2,0,0,46,1,4
73,10,1,1,0,194,1,4
92,8,2,0,0,97,0,0
9,5,3,1,0,239,1,0
75,3,3,0,0,170,1,0
93,11,2,0,0,237,0,4
0,2,3,1,0,227,1,1
4,3,3,0,0,132,1,0
19,2,3,0,1,240,1,3
7,14,2,0,0,206,1,4
42,1,1,0,0,93,1,2
75,13,2,0,0,92,1,2
0,4,1,0,1,161,1,3
56,1,3,1,0,121,1,1
63,5,3,1,0,140,1,0
83,2,2,0,0,29,1,4
27,5,3,0,0,148,1,0
36,14,2,0,0,87,1,4
46,10,1,0,0,115,1,2
100,9,2,0,0,226,0,0
75,8,2,0,1,112,1,3
36,0,3,1,0,180,1,1
48,5,2,0,1,40,1,3
43,8,2,1,0,224,1,1
55,10,3,0,0,106,1,0
27,3,3,1,0,139,1,0
78,10,2,1,0,193,1,1
5,11,1,1,0,87,1,2
60,1,2,0,0,238,1,4
19,12,2,0,1,137,1,3
77,3,1,0,1,67,1,3
1,0,2,0,1,198,1,3
72,2,2,0,0,201,1,0
36,9,3,0,1,212,1,3
19,8,1,0,0,92,1,4
25,9,1,0,0,106,1,4
28,4,3,0,0,200,1,1
0,14,2,0,0,102,1,0
34,10,2,0,0,27,1,4
69,5,2,0,0,57,1,2
100,2,3,0,0,90,1,0
58,4,3,0,0,65,1,0
68,10,1,0,0,33,0,4
32,7,2,0,0,163,1,2
50,5,1,1,0,233,1,1
77,3,2,0,0,136,1,4
11,1,2,0,0,225,1,2
19,13,2,0,0,38,1,0
52,8,1,1,0,40,1,2
87,12,3,0,0,187,0,0
42,11,2,0,0,170,1,4
97,0,3,0,0,134,1,4
88,0,1,0,1,96,1,3
49,12,1,0,1,114,1,3
28,3,2,0,1,171,1,3
56,6,2,0,0,31,1,4
38,0,1,1,0,82,1,1
94,8,2,0,0,58,0,4
55,3,1,0,0,75,1,2
42,2,1,0,0,137,1,4
49,0,3,0,0,107,1,4
22,9,3,0,0,210,1,0
43,3,3,0,0,88,1,0
37,8,3,0,0,167,1,0
83,12,2,0,0,237,0,4
22,13,1,1,0,81,1,1
44,9,1,0,0,125,1,2
51,5,1,0,0,16,1,2
79,5,3,1,0,103,1,1
49,0,2,1,0,191,1,1
7,9,1,0,0,212,1,2
84,1,1,0,1,40,1,3
0,10,2,0,0,214,1,0
7,5,2,1,0,113,1,0
28,1,1,0,0,41,1,2
95,2,1,1,0,103,1,1
4,3,1,0,1,160,1,3
85,10,1,0,0,196,0,2
46,4,3,0,0,15,1,0
33,14,2,0,0,203,1,4
64,8,2,1,0,117,1,1
54,11,2,0,0,145,1,4
89,14,1,0,0,210,0,2
42,14,3,0,0,55,1,0
73,3,1,0,1,179,1,3
29,12,2,1,0,65,1,4
81,10,2,0,1,29,1,3
16,8,3,0,0,22,1,0
25,10,1,0,0,52,1,4
7,9,1,0,1,128,1,3
46,2,2,0,1,97,1,3
75,7,1,0,0,70,0,4
90,11,3,1,0,189,1,0
71,0,2,0,1,232,1,3
88,10,2,0,0,117,0,2
45,8,1,0,0,152,1,4
67,8,3,1,0,116,1,1
32,9,3,1,0,92,1,1
0,1,3,0,0,191,1,0
18,3,1,1,0,183,1,2
30,12,1,0,1,97,1,3
79,7,2,1,0,44,1,1
13,6,2,1,0,19,1,0
52,0,1,0,0,133,1,2
47,4,3,0,0,237,1,2
68,6,2,0,0,213,0,0
89,14,3,0,0,225,0,0
61,3,1,0,1,45,1,3
91,14,2,0,0,194,0,0
65,14,1,0,1,230,0,3
63,0,1,0,1,240,1,3
69,8,3,0,0,37,1,4
62,13,1,0,0,62,0,2
72,4,2,0,0,123,1,2
32,10,1,0,0,54,1,2
40,1,3,0,0,20,1,4
88,7,1,0,1,52,1,3
47,10,1,0,1,183,1,3
12,12,1,1,0,114,1,0
72,1,2,0,0,41,1,4
76,2,2,0,0,217,1,0
30,13,3,0,0,83,1,4
74,9,3,0,0,71,1,0
67,0,3,0,0,31,1,1
97,10,1,0,0,85,0,2
3,1,1,0,0,233,1,2
18,13,1,0,1,61,1,3
69,6,3,1,0,93,1,1
97,9,2,0,0,124,0,2
81,1,2,0,1,27,1,3
12,5,3,1,0,153,1,1
22,14,1,0,0,138,1,2
82,2,2,0,0,123,0,0
74,3,1,0,0,104,1,4
0,10,2,1,0,100,1,1
87,14,1,0,1,106,1,3
53,12,2,1,0,38,1,1
70,7,2,1,1,235,1,3
88,13,3,1,0,87,1,1
84,2,2,0,1,18,1,3
14,9,3,0,0,127,1,2
64,5,1,0,0,60,1,0
75,0,1,1,0,32,1,2
70,6,3,0,0,57,1,0
14,7,1,0,0,222,1,2
20,10,1,0,0,175,1,2
18,13,2,1,0,107,1,1
59,7,1,0,0,117,1,4
92,2,1,0,1,138,1,3
88,13,1,1,1,24,1,3
32,9,1,0,1,87,1,3
48,0,3,0,0,201,1,0
95,8,1,0,1,45,1,3
34,12,1,0,1,170,1,3
43,5,2,1,0,74,1,1
89,10,1,0,0,145,0,2
10,8,2,0,1,132,1,3
98,6,2,0,0,197,0,4
71,0,2,0,1,28,1,3
77,11,2,0,0,200,0,0
73,11,3,1,0,231,1,0
65,0,3,1,0,157,1,0
45,5,1,0,1,16,1,3
8,4,2,1,0,38,1,1
2,8,2,1,0,220,1,4
84,1,1,0,1,78,1,3
25,7,3,1,0,213,1,1
71,10,1,1,0,114,1,1
47,4,2,0,1,128,1,3
65,1,1,0,1,38,1,3
69,12,1,1,0,169,1,1
27,9,3,0,0,179,1,1
92,10,3,1,0,236,1,1
25,10,1,0,1,105,1,3
24,11,2,0,0,181,1,1
11,5,2,0,0,205,1,0
4,9,1,1,1,221,1,3
97,7,3,1,0,40,1,0
47,3,3,0,0,79,1,2
36,1,2,0,1,134,1,3
78,11,1,0,0,18,0,2
43,10,3,1,0,171,1,1
99,4,2,1,0,15,1,1
14,14,3,0,0,64,1,4
42,11,3,1,0,124,1,1
47,1,1,0,0,228,1,2
86,1,2,0,0,153,0,1
69,14,1,1,1,88,1,3
45,5,1,1,0,201,1,1
42,10,3,1,0,76,1,4
20,9,2,0,0,95,1,1
22,8,1,0,0,178,1,2
79,12,1,1,0,70,1,2
46,3,3,1,0,125,1,1
14,5,1,0,0,232,1,2
24,6,2,0,0,35,1,2
35,12,3,0,0,155,1,4
74,10,3,0,1,23,1,3
50,5,2,0,0,153,1,4
14,7,2,1,0,217,1,0
67,3,2,0,0,84,1,4
20,11,2,1,0,143,1,1
12,14,1,0,1,132,1,3
85,0,3,1,0,212,1,1
18,6,3,1,0,219,1,0
33,2,2,0,1,228,1,3
77,13,1,0,0,70,0,2
67,5,2,0,0,45,1,4
51,1,3,1,0,228,1,1
26,8,3,1,0,51,1,0
28,0,2,0,0,189,1,2
27,5,2,0,0,105,1,4
34,5,3,0,0,128,1,2
7,4,2,0,0,220,1,4
15,12,1,0,1,142,1,3
35,4,1,0,0,189,1,2
29,0,1,0,0,136,1,2
17,9,1,0,0,83,1,2
1,11,1,0,1,200,1,3
48,4,2,0,0,50,1,0
76,1,1,0,0,46,1,4
3,6,1,0,0,240,1,2
89,2,3,0,1,78,1,3
88,12,1,0,0,213,0,0
93,14,2,0,0,184,0,4
74,3,1,1,1,62,1,3
6,2,3,1,0,216,1,4
94,2,2,0,0,95,1,2
73,3,3,1,0,172,1,0
38,4,2,0,1,163,1,3
12,0,1,0,0,74,1,0
30,3,3,0,0,155,1,2
70,11,3,0,0,15,1,0
62,11,3,1,0,79,1,0
55,10,3,1,0,47,1,1
41,7,2,0,0,52,1,0
60,9,3,0,0,39,1,4
41,6,1,0,1,168,1,3
55,8,2,1,0,219,1,1
35,4,1,0,1,73,1,3
83,12,3,0,1,234,1,3
67,14,1,0,0,175,0,2
6,9,1,0,0,115,1,2
53,3,2,1,0,141,1,1
0,7,2,0,0,55,1,2
43,8,2,0,0,172,1,2
44,12,1,0,0,71,1,2
46,6,1,0,1,191,1,3
12,13,3,0,0,62,1,1
21,6,3,0,1,86,1,3
20,4,3,0,0,191,1,4
85,3,1,0,1,189,1,3
91,13,3,0,0,70,0,4
8,9,3,0,0,79,1,0
25,0,3,1,0,26,1,0
8,9,2,0,0,83,1,4
14,9,2,0,0,230,1,4
9,6,2,1,1,148,1,3
87,0,2,0,0,103,1,4
41,0,2,1,0,207,1,1
71,4,2,0,0,39,1,0
23,12,1,1,0,15,1,0
79,8,2,0,0,174,1,4
48,5,1,0,0,145,1,2
25,2,1,0,0,63,1,2
90,12,2,0,0,161,0,4
36,2,3,1,0,74,1,1
67,6,2,0,0,171,1,2
49,5,2,0,0,192,1,4
23,8,3,1,0,16,1,1
18,5,3,1,0,87,1,1
99,4,2,0,1,198,1,3
59,9,3,1,0,159,1,1
38,6,1,0,0,202,1,2
73,0,3,0,0,124,1,2
88,11,1,0,0,178,0,4
17,6,1,0,0,75,1,4
18,2,2,1,0,31,1,1
35,13,1,0,0,63,1,0
73,8,3,0,1,90,1,3
96,14,3,1,0,202,1,0
54,5,2,1,0,162,1,1
68,8,3,1,0,192,1,1
46,12,3,0,0,145,1,0
48,14,1,0,1,57,1,3
98,4,3,1,0,71,1,0
97,6,2,0,0,64,0,4
32,12,1,0,0,210,1,2
20,13,2,0,0,223,1,4
80,3,1,0,0,192,1,2
21,14,2,1,0,51,1,1
47,6,1,0,1,60,1,3
36,12,2,1,0,184,1,0
14,0,2,0,1,29,1,3
34,6,3,0,0,175,1,0
91,7,2,0,0,94,0,4
70,4,2,0,0,153,1,4
31,1,3,1,0,162,1,0
10,4,1,0,1,38,1,3
9,5,2,0,0,139,1,0
72,11,3,1,0,206,1,1
77,1,2,0,0,132,1,4
76,13,3,1,0,94,1,1
56,5,2,0,0,108,1,4
24,5,2,0,0,240,1,4
1,0,1,0,0,79,1,2
63,13,2,1,0,102,1,1
34,0,2,0,0,102,1,1
6,13,1,0,0,215,1,2
84,10,1,0,1,228,1,3
17,9,2,1,0,218,1,1
66,2,1,0,0,159,1,0
41,13,2,1,0,140,1,2
38,9,2,1,0,103,1,1
40,9,1,0,1,234,1,3
74,14,2,1,0,75,1,1
23,11,1,0,0,29,1,4
59,2,3,0,0,108,1,0
45,3,1,0,0,65,1,2
18,1,2,0,0,41,1,4
67,8,1,0,1,228,0,3
89,9,1,1,0,88,1,4
41,11,3,1,0,75,1,4
31,10,2,0,1,200,1,3
38,13,1,0,0,45,1,4
35,6,2,1,0,233,1,2
100,6,2,1,0,26,1,1
96,14,3,0,0,60,0,4
35,5,2,0,0,173,1,2
2,14,3,1,0,46,1,1
72,2,3,1,0,174,1,1
7,5,1,0,0,195,1,4
96,14,2,0,0,75,0,2
69,13,2,0,0,60,1,4
40,11,1,0,1,99,1,3
67,7,1,0,0,216,0,1
12,7,1,0,0,94,1,4
48,10,3,1,0,149,1,1
59,12,1,0,0,18,1,2
1,8,3,1,0,233,1,0
59,14,1,0,0,66,1,4
4,0,2,0,0,231,1,4
43,13,3,1,0,173,1,1
26,0,1,1,0,217,1,2
31,2,2,0,1,126,1,3
20,2,2,0,0,226,1,2
7,9,2,0,0,50,1,4
71,7,1,0,1,196,0,3
49,14,2,0,0,68,1,2
66,9,2,0,0,133,1,0
43,0,3,1,0,141,1,1
57,12,1,1,0,31,1,2
2,1,1,1,0,89,1,2
85,1,1,0,0,172,0,0
69,2,2,0,0,119,1,4
1,12,2,1,0,164,1,1
86,5,1,0,0,131,0,2
43,0,1,0,1,57,1,3
1,1,3,0,0,126,1,2
80,12,3,1,0,129,1,1
34,14,1,0,0,41,1,2
97,12,3,0,0,51,0,0
86,0,1,0,0,60,1,2
29,4,1,1,0,127,1,2
7,12,3,0,1,49,1,3
21,12,2,1,0,146,1,0
43,6,3,0,0,94,1,0
57,7,1,0,0,94,1,2
35,9,1,0,1,227,1,3
68,0,1,0,0,168,1,2
76,6,1,0,0,135,0,2
92,12,1,1,0,161,1,1
30,4,2,1,0,136,1,1
46,9,1,0,1,95,1,3
54,0,1,0,0,187,1,4
79,2,1,1,0,168,1,1
61,6,2,0,0,164,1,4
29,9,3,0,0,133,1,0
54,0,3,1,0,72,1,1
15,6,3,1,0,77,1,1
11,4,2,1,1,170,1,3
16,0,2,1,0,207,1,4
15,0,2,1,0,186,1,1
11,13,2,1,0,114,1,1
7,0,2,0,1,185,1,3
83,10,1,0,1,179,1,3
2,8,3,0,0,80,1,4
15,10,3,0,0,159,1,0
29,12,2,0,0,182,1,0
22,2,1,0,0,180,1,2
91,14,3,1,0,99,1,1
4,12,2,0,0,203,1,4
83,4,1,1,0,151,1,1
64,10,3,0,0,219,1,4
29,9,1,0,0,217,1,4
20,11,3,0,0,203,1,4
83,8,3,0,0,222,0,1
69,5,2,0,1,158,1,3
21,11,2,1,0,137,1,1
81,8,1,0,0,16,0,4
71,7,1,1,0,120,1,2
31,7,2,0,0,122,1,0
32,0,2,0,0,86,1,4
15,12,1,0,0,185,1,2
75,8,1,0,1,140,0,3
37,5,1,0,0,184,1,4
97,8,2,0,0,219,0,2
13,2,1,0,0,71,1,4
35,11,1,1,0,95,1,1
96,2,2,0,0,230,0,2
22,5,3,1,0,209,1,1
65,8,2,1,0,172,1,1
84,6,1,0,0,155,0,2
1,13,3,0,0,33,1,0
90,12,3,1,0,21,1,2
72,2,3,0,0,151,1,0
64,2,2,0,0,225,1,4
74,1,2,0,0,68,1,4
66,8,1,0,0,118,0,2
51,12,1,0,0,100,1,4
61,14,2,0,1,96,1,3
22,2,3,0,0,75,1,1
25,10,3,1,0,101,1,1
67,4,2,0,0,16,1,0
81,13,1,0,0,192,0,4
54,13,3,1,0,217,1,0
5,8,3,1,0,45,1,1
34,7,3,1,0,47,1,1
21,1,1,0,0,220,1,4
42,2,1,0,1,94,1,3
14,1,1,1,1,25,1,3
85,7,2,0,0,175,0,4
59,5,3,0,0,142,1,4
100,5,3,1,0,149,1,0
11,11,2,0,0,142,1,4
48,14,1,0,1,45,1,3
41,8,2,0,0,190,1,4
37,7,2,0,0,140,1,0
81,3,3,0,0,61,0,0
44,14,2,0,0,220,1,0
34,11,3,1,0,234,1,0
29,3,1,0,0,195,1,2
87,8,2,0,0,121,0,4
29,0,2,1,0,222,1,1
77,12,1,0,0,33,0,4
5,1,3,0,0,95,1,2
66,1,2,0,0,137,1,0
79,12,2,0,0,232,0,2
6,12,3,0,1,148,1,3
51,5,1,0,1,121,1,3
13,14,2,0,0,63,1,4
72,3,1,0,0,87,1,4
14,12,1,1,0,64,1,1
20,10,2,1,0,95,1,1
34,9,3,0,1,109,1,3
65,12,1,1,0,26,1,0
90,2,1,1,0,37,1,2
1,2,2,1,0,68,1,1
34,2,3,1,0,132,1,1
81,5,1,1,0,211,1,0
77,13,3,0,0,73,1,0
19,7,2,0,0,178,1,4
81,10,2,0,0,17,0,2
9,6,3,0,0,72,1,0
24,13,3,1,0,230,1,1
65,3,1,0,0,197,1,1
24,10,1,1,1,71,1,3
53,11,2,0,0,159,1,0
32,3,2,0,0,181,1,4
35,10,1,0,0,104,1,2
94,9,2,0,0,210,0,4
13,14,2,1,0,69,1,1
64,10,3,0,0,59,1,4
79,10,1,1,0,218,1,1
53,13,3,1,0,15,1,1
51,10,2,1,0,35,1,1
2,1,3,1,0,225,1,1
98,13,3,1,0,35,1,1
40,0,1,0,1,66,1,3
5,8,2,0,0,96,1,4
24,11,1,0,1,185,1,3
12,14,1,1,1,194,1,3
97,11,3,0,0,81,0,0
7,1,3,1,0,127,1,0
20,12,2,0,0,58,1,0
97,7,1,0,0,174,0,2
67,14,3,0,0,24,1,0
24,8,1,0,0,78,1,4
78,3,2,0,1,221,1,3
67,7,1,0,0,83,0,4
44,8,3,0,0,82,1,0
59,9,1,0,0,42,1,2
11,9,1,0,0,195,1,2
31,4,2,1,1,130,1,3
95,12,2,0,0,65,0,4
91,13,3,1,0,195,1,1
12,6,3,0,0,18,1,4
30,9,2,0,0,93,1,0
77,3,1,1,0,31,1,1
19,0,2,1,0,122,1,2
17,2,3,0,1,209,1,3
92,4,2,0,1,88,1,3
59,2,1,0,0,189,1,2
62,11,3,0,0,198,1,0
5,12,1,0,0,37,1,2
31,10,3,0,0,32,1,0
92,6,3,1,0,143,1,1
42,11,1,0,0,49,1,2
1,8,3,0,0,78,1,0
59,14,2,1,0,200,1,1
22,11,3,0,0,237,1,2
82,5,1,0,1,73,1,3
30,12,3,0,0,15,1,2
4,9,1,0,0,145,1,4
82,0,2,0,0,81,1,2
33,6,2,0,0,51,1,4
9,14,2,1,0,225,1,1
88,2,1,0,0,43,1,2
1,4,3,1,0,103,1,1
10,9,2,1,0,175,1,1
49,3,3,0,0,114,1,0
30,9,2,1,0,203,1,1
55,4,3,1,0,235,1,1
78,4,1,0,0,136,1,2
72,5,1,0,0,104,1,2
86,13,1,1,1,146,1,3
82,9,3,0,0,28,0,0
8,11,2,1,0,233,1,1
98,9,3,0,0,175,0,0
20,12,3,0,0,164,1,4
72,12,3,1,0,190,1,1
27,10,3,0,0,145,1,0
61,5,1,0,1,229,0,3
6,7,2,0,1,99,1,3
79,7,2,1,0,165,1,1
15,10,2,0,0,210,1,4
96,8,1,0,1,35,1,3
3,7,1,0,1,185,1,3
3,12,2,0,0,237,1,4
39,10,3,0,0,227,1,0
16,1,1,0,1,40,1,3
100,13,1,1,0,55,1,2
51,13,1,0,1,136,1,3
92,11,3,0,0,52,0,0
51,9,3,0,0,102,1,0
35,11,2,1,0,25,1,1
37,10,1,0,0,43,1,2
49,14,3,1,0,74,1,0
62,0,2,0,0,209,1,4
100,9,1,0,0,207,0,2
62,1,1,0,0,75,1,2
61,1,2,0,0,161,1,4
98,11,1,0,1,188,1,3
6,2,3,0,0,191,1,4
26,9,2,1,0,36,1,4
91,6,1,0,1,92,1,3
85,1,2,1,1,127,1,3
13,13,1,0,1,199,1,3
70,0,1,0,1,137,1,3
100,13,2,0,1,156,1,3
85,5,3,0,0,58,0,4
4,8,3,1,0,158,1,1
54,14,3,1,0,111,1,1
1,2,3,0,0,91,1,0
61,5,1,1,0,154,1,1
90,2,2,1,0,69,1,1
20,13,3,0,0,65,1,4
78,12,1,0,1,116,0,3
20,0,2,0,1,181,1,3
9,13,2,0,0,175,1,4
86,12,2,1,0,175,1,1
57,11,3,0,0,43,1,4
38,4,3,1,0,83,1,0
4,9,1,0,1,212,1,3
64,13,3,0,0,173,1,2
12,12,3,0,0,94,1,0
84,10,2,0,0,45,0,0
89,3,2,0,0,231,0,4
84,6,3,1,0,126,1,1
52,5,2,0,1,60,1,3
81,9,2,1,0,111,1,2
100,6,3,1,0,219,1,0
44,4,1,0,0,66,1,2
31,14,3,1,0,152,1,1
35,14,3,1,0,230,1,1
80,3,1,0,0,88,1,2
98,6,1,0,1,55,1,3
59,6,3,1,0,237,1,1
10,5,2,0,0,91,1,2
62,7,3,1,0,145,1,0
20,3,2,1,0,201,1,2
51,9,1,0,0,128,1,2
54,4,2,0,0,66,1,4
25,3,2,1,0,176,1,1
67,11,1,1,1,191,1,3
33,0,2,0,1,170,1,3
51,11,2,0,0,225,1,4
81,7,2,0,1,101,1,3
98,0,1,1,0,123,1,2
92,4,2,1,0,238,1,4
51,14,2,0,0,155,1,0
28,5,2,1,0,239,1,1
37,5,2,1,0,240,1,1
41,12,2,1,0,239,1,1
20,4,3,0,0,83,1,2
41,2,2,0,0,134,1,0
12,14,1,0,0,81,1,4
63,4,2,0,0,75,1,4
16,11,3,1,0,202,1,1
8,7,2,0,0,85,1,0
40,13,3,1,0,166,1,0
0,1,3,1,0,205,1,0
1,5,1,1,1,228,1,3
59,8,1,0,1,203,1,3
47,7,3,0,0,165,1,1
28,13,3,0,0,44,1,0
96,10,3,1,0,202,1,0
9,7,1,0,0,160,1,4
57,7,2,0,0,110,1,4
59,14,2,1,0,70,1,1
20,12,2,0,0,67,1,0
27,6,2,1,0,21,1,1
74,7,2,0,0,111,1,4
33,12,2,0,0,211,1,4
7,5,2,0,1,127,1,3
58,1,3,1,0,234,1,1
85,1,2,1,0,139,1,1
71,7,3,0,0,214,1,0
48,10,2,1,0,221,1,0
78,0,2,0,1,194,1,3
16,5,1,0,0,146,1,2
59,12,1,0,0,176,1,2
86,5,2,0,0,211,0,2
87,10,2,1,0,175,1,1
44,3,3,1,0,135,1,1
82,11,2,0,0,211,0,4
68,10,2,1,0,52,1,1
31,12,2,1,0,240,1,1
43,14,2,1,0,136,1,1
64,10,1,0,1,40,0,3
86,12,3,1,0,143,1,1
100,9,3,0,0,18,0,0
7,2,3,0,0,53,1,0
76,12,3,0,0,68,1,4
71,10,1,0,1,232,0,3
86,2,3,0,0,175,1,0
42,14,1,0,1,47,1,3
0,14,2,0,1,214,1,3
50,12,2,0,0,34,1,4
23,12,3,0,1,30,1,3
98,0,3,1,0,163,1,1
23,2,3,0,1,187,1,3
16,3,3,0,0,141,1,4
4,10,3,0,0,232,1,4
19,10,3,0,0,101,1,4
20,4,3,0,0,96,1,0
57,2,2,1,0,76,1,1
30,5,2,1,0,45,1,0
99,10,1,0,0,56,0,2
10,13,2,1,0,26,1,1
51,14,1,0,1,79,1,3
14,11,2,0,0,87,1,4
82,4,3,0,0,145,0,2
6,2,3,1,0,129,1,1
27,5,2,0,0,232,1,0
50,5,2,0,0,151,1,4
57,14,3,0,0,120,1,0
4,13,2,1,0,193,1,1
4,7,3,1,0,30,1,1
93,1,1,0,0,230,0,2
95,0,1,0,1,92,1,3
7,3,3,0,0,139,1,0
63,6,2,0,0,145,1,2
9,14,1,0,0,240,1,4
37,10,2,0,1,239,1,3
95,9,1,1,0,166,1,2
91,2,2,1,0,215,1,0
80,2,1,1,0,155,1,1
94,4,2,0,0,144,0,4
7,4,2,0,0,213,1,0
24,12,1,0,1,126,1,3
72,9,2,1,1,141,1,3
65,2,3,1,0,35,1,1
78,8,2,1,0,161,1,1
49,3,1,0,0,103,1,4
66,12,3,0,0,61,1,4
48,12,1,1,0,164,1,1
35,14,3,1,0,217,1,1
67,2,2,0,1,175,1,3
77,10,2,1,0,174,1,1
40,1,1,0,0,206,1,2
88,9,1,1,0,99,1,0
61,12,2,1,0,181,1,1
9,10,1,0,0,142,1,4
20,8,2,0,0,226,1,2
35,3,1,0,0,86,1,4
11,2,1,0,0,56,1,2
90,6,2,1,0,23,1,1
1,7,2,0,0,39,1,0
12,10,1,0,0,231,1,4
52,13,1,0,0,239,1,2
31,1,1,0,1,16,1,3
94,6,3,1,0,33,1,1
15,11,2,1,0,34,1,0
31,4,3,1,0,235,1,1
31,14,1,0,1,84,1,3
97,10,3,0,0,31,0,0
10,4,1,0,1,138,1,3
9,2,3,1,0,103,1,1
14,4,1,0,0,210,1,2
16,11,1,1,0,108,1,1
39,1,2,0,0,98,1,1
17,3,2,1,0,145,1,1
54,5,2,0,0,101,1,4
72,0,2,1,1,65,1,3
24,9,1,0,1,96,1,3
58,3,2,0,1,168,1,3
77,5,2,0,0,198,0,4
88,8,2,0,0,206,0,2
21,13,3,1,0,22,1,1
29,10,1,0,0,223,1,2
83,10,2,0,0,237,0,4
84,12,2,0,1,179,1,3
43,1,2,1,0,135,1,1
31,10,3,0,0,239,1,0
50,6,3,0,0,169,1,0
45,5,1,0,0,187,1,2
20,1,1,0,1,18,1,3
98,7,3,0,0,100,0,0
31,6,1,1,0,142,1,2
93,10,2,0,0,232,0,4
38,4,2,0,0,238,1,2
11,11,3,0,0,230,1,2
46,4,1,0,0,124,1,2
17,6,2,1,0,113,1,1
20,8,1,0,0,51,1,2
12,10,1,0,0,238,1,2
20,14,1,1,0,85,1,1
7,8,2,1,0,47,1,1
45,8,2,0,0,45,1,4
6,5,1,0,1,197,1,3
22,9,3,0,0,139,1,0
95,5,3,1,0,26,1,0
74,2,2,0,0,25,1,2
85,0,3,0,0,102,1,4
21,6,1,0,0,86,1,2
88,3,3,0,0,46,0,0
21,0,3,1,0,71,1,1
91,14,1,0,1,180,1,3
28,7,1,0,0,202,1,4
12,11,2,1,0,100,1,1
81,5,1,0,1,240,1,3
1,5,2,0,0,33,1,4
28,1,2,0,0,130,1,4
84,14,3,0,0,226,0,0
78,0,2,1,0,198,1,1
51,12,1,0,0,28,1,4
26,13,3,0,0,47,1,4
49,13,1,1,1,24,1,3
94,1,3,0,0,94,1,0
78,3,1,1,0,206,1,2
22,1,3,0,0,78,1,0
87,0,1,0,0,204,0,2
43,6,2,1,0,82,1,1
76,10,1,1,0,233,1,1
21,10,2,0,0,106,1,4
42,14,3,1,0,139,1,1
36,11,2,0,0,185,1,4
60,7,3,0,0,94,1,0
96,5,2,1,0,73,1,1
55,3,3,1,0,194,1,0
2,13,3,1,0,111,1,0
62,5,2,0,0,33,1,1
18,2,2,0,0,163,1,0
22,11,3,1,0,36,1,1
28,7,3,1,0,23,1,1
29,9,3,1,0,23,1,1
38,13,3,0,0,215,1,2
24,12,2,0,0,41,1,0
100,12,2,0,1,31,1,3
7,1,2,1,0,186,1,1
57,4,3,1,0,59,1,0
15,0,2,0,0,22,1,4
71,5,2,1,0,222,1,1
0,1,2,1,0,160,1,1
4,3,1,1,1,139,1,3
2,5,1,0,0,137,1,2
64,9,2,0,0,47,1,2
3,10,3,1,0,15,1,1
98,7,2,1,0,218,1,0